"is_target","x1","x2","x3","y","w"
0,55.2058907291852,1.33689257455037,-1.78312757145613,85.4279909796251,1.91633916762657
0,39.2030923764772,0.552710403069674,1.58903559204191,63.6122968260306,0.558123901020736
0,51.3923811501927,-1.05652641739161,-0.769365737214684,84.3238953030676,0.537944004638121
0,49.1525121505142,-0.190182994643526,-1.05787932313979,75.6700244608095,0.612827698816545
0,43.333603847154,-0.909224176086877,-1.53649566881359,70.8676772476621,0.742086402606219
0,24.8391096799054,-2.00091550631878,0.969374820590019,43.6991491561869,0.607293917099014
0,42.6485320254332,1.90897086539068,-1.43172193039209,63.4638764169613,1.75841255113482
0,39.7987773686491,1.56898020541778,-0.738456157967448,59.2773030272236,1.93282035051379
0,51.1355444129731,0.140301225311454,1.08889071922749,79.1677219229386,1.75779268774204
0,45.262090181599,-1.42055946460262,-1.20159575622529,73.7092327281989,0.662370519945398
0,45.9178529566207,0.513066799512409,-0.67561259213835,72.0898162581167,0.951862395741045
0,42.6956672140639,-0.987461198891432,-0.311851849779487,70.0646118064951,1.75299623061437
0,47.7856340059383,0.597223916449456,1.43736765254289,72.2729989347057,0.577580252313055
0,47.7418347557105,0.867860400604364,1.47669481579214,70.719152368073,1.43736751808319
0,24.531185538717,0.189257763959423,0.383659417741001,39.2599710082457,0.745633360696957
0,63.4700149929703,-0.0693064069135194,-0.352596621960402,95.6572583657215,0.655299544683658
0,56.1640814584997,1.07625933935365,0.0801019668579102,85.1700035296351,1.8921539603034
0,52.1756433830789,1.07089132376137,1.59420991688967,80.2006874418196,1.00556394807063
0,41.9528116959974,0.421633377427644,1.80362458433956,65.3469625198959,0.518123569316231
0,56.8974677762582,-0.12454978063033,1.81354549899697,86.5038816778746,1.26292546815239
0,46.7132798590976,0.937192065289507,-0.811026595532894,69.7212666286509,1.06234565912746
0,48.3531842307416,0.200619126393445,-1.96717794425786,72.8893277068777,1.57355075131636
0,36.079711202287,1.44817884292342,0.514497050084174,51.2614056987509,1.56930064829066
0,64.6582476120139,-1.28218256537373,-0.155401097610593,103.636327860365,0.659012466901913
0,50.4820680822544,-0.084554210547583,1.99873125553131,79.9583962317812,1.17185558448546
0,69.0808383464199,1.10161395316682,0.18576951045543,104.659158755927,0.780757040716708
0,67.3094452723732,-0.690699575305395,-0.555518289096653,106.152177879234,1.22648740198929
0,50.581458372593,-1.72541538917727,-0.945775545202196,83.982632824735,1.04609422245994
0,56.4532816177517,0.565885692360889,1.8524070456624,85.2277498333616,1.92099503753707
0,67.256289865063,-0.596158417224681,1.85158277861774,111.028536669026,1.37473072251305
0,44.7103308254375,-0.489345024258458,-1.77427855040878,68.4544874883621,1.026896039024
0,51.6639202561255,0.768893360822469,1.66303585935384,80.3013620399112,1.86448414577171
0,47.4527642523605,2.11461189033211,0.43375389277935,71.3462576546361,1.39503674628213
0,53.3278235943791,0.0447809835460714,-1.53283788450062,80.8787385604678,1.71566384437028
0,51.8243281282763,0.947241069815817,-0.831535270437598,80.5079707181836,0.985046925256029
0,61.64593749518,-2.1245087083504,-0.225667758844793,98.9151651592031,0.958193442435004
0,55.9349285072787,0.0904283264577256,-1.74429119937122,85.0832434658965,1.54031998827122
0,41.0822027078263,-1.73914879260394,1.94856287352741,74.2920578897777,1.29766696866136
0,55.772533103574,-1.7022883303277,-0.927604052238166,89.5034704926789,1.01995173282921
0,41.7509441894196,1.40829639529108,1.475625641644,64.724918120766,1.90081796725281
0,38.4274614237656,0.69816811272235,1.95989414677024,56.3449462489277,1.45234805811197
0,57.7799877400621,0.5760854391738,0.360348023474216,89.062515292459,1.4221843148116
0,37.9577821402693,-0.534336060471033,-0.304807549342513,60.8227413801571,1.18209517723881
0,53.0671410214768,-1.28198635078153,1.16628287173808,82.9577049500281,0.966147268889472
0,41.6634145935794,0.429614218440963,-0.855938929133117,63.5486800205254,1.98704158468172
0,64.1814116350375,-1.12943767906222,0.864648381248116,100.320556891802,1.65512119012419
0,57.1178611785072,2.41976367943378,1.41585968900472,83.0048928169291,1.93391329341102
0,45.9750227713763,0.0782761044809724,0.0637870505452156,71.7006891283276,0.815605036099441
0,57.9936221871451,0.316225234142966,-1.02538028918207,88.8207936152742,0.898298956919461
0,54.2648443555695,-1.5794002086685,-1.37005885783583,87.0722303247341,0.734576586866751
0,38.3010133006438,0.518905620032067,0.373260596767068,62.3631691588659,0.936313282581978
0,47.9379983970698,1.13539238442515,0.660103838890791,72.0474739030091,1.31680574954953
0,40.6938969075639,0.312404463905503,0.441310806199908,63.7310211233231,0.616457086638547
0,54.4939756579174,0.05554413008899,-0.602716994471848,84.658005881916,1.58378706884105
0,43.5519354543769,1.56545282333373,-0.649597710929811,66.3304190297736,0.710762959090061
0,47.6857731018904,0.718830766147177,-0.0382402809336782,70.7857120917511,1.30889356893022
0,37.6363198855463,0.634325711079806,-0.586524370126426,57.8675308425265,0.536790602025576
0,40.3904470177698,1.06590668950288,1.3697365494445,62.7197134845216,1.15050794300623
0,51.3395628156956,0.341888554248612,1.80827784072608,77.9989892951165,1.6114400200313
0,40.0094727703072,3.14336714054499,1.88327093422413,55.3797867542763,1.68909473193344
0,48.5852930918679,0.349950832519039,-0.254742908291519,77.5160106616023,0.751689610537142
0,51.6732989964881,1.07333545251137,-1.3484860509634,78.9450310367773,0.648794487235136
0,48.0121138732832,0.916437872494606,1.94075645506382,73.2949801276608,1.17505095945671
0,47.087928119079,0.71765690362959,0.683710216544569,73.1778729677369,1.88894834194798
0,32.6560296575071,1.05548502974692,-0.321968453936279,49.3559381747908,1.94288916024379
0,47.272716682674,0.350592199470931,0.784974654205143,72.2137483623323,1.17269320273772
0,32.0007051830318,-1.93603847989057,-0.391549904830754,56.2613386386904,1.61572984210216
0,61.5274097680304,-0.800741941084278,-1.36286568827927,94.5988880686152,1.38654087088071
0,39.96680514408,2.34293958213089,-0.918770338408649,57.9035546547654,0.645976372295991
0,51.4821004429254,1.92087838946788,-0.956927645020187,76.8817908579555,1.28346085222438
0,55.1949668074918,-0.109538639946886,-1.99219679180533,86.9364076835069,0.799523988505825
0,50.0543629447576,-2.51282078633865,-1.60921674594283,80.6505231301213,1.67385109933093
0,63.4702083465394,-0.759623633062425,-1.88502088934183,101.080248477919,0.547939609619789
0,41.52966582704,-1.50546286281683,-0.950176269747317,71.8330484550183,1.40312385722063
0,54.4339801731577,-1.67824570835886,-0.153274279087782,88.1458319688923,0.668005461455323
0,40.2285053167669,0.950098626350105,-0.721405394375324,59.2380363029152,0.603365849936381
0,71.2449113551361,0.124953593318981,-1.08051019906998,107.31117459343,1.89678282581735
0,56.8769896056154,1.43839197208062,-0.798809579573572,83.7739386299135,1.14992574020289
0,46.566317798196,-1.32535121599528,1.76335606724024,77.7706724577034,1.51529835048132
0,57.8516947267395,-1.00393459317338,-1.10922871623188,93.7629558618481,1.27306496561505
0,38.4442253922948,0.642208565811121,0.524481498636305,59.7967450505025,0.625644101994112
0,65.089163463927,1.15655108036238,0.849629183299839,97.2045116883988,0.768201385973953
0,38.4450383974264,-0.173573480005486,-0.769157843664289,59.4492730377099,1.59186920057982
0,34.4318818979332,-0.964569098629924,-1.51945757586509,57.813420307482,1.75401092006359
0,49.4475207477644,1.85379901629885,1.39802522957325,71.5371819364059,1.65423233713955
0,58.4919316270271,1.68436511079776,-1.81259939260781,86.0359196937926,0.689632950583473
0,49.8890327749634,1.05731214066179,-1.06047766748816,73.7665519180241,0.704824268585071
0,42.3968616821928,0.814561626549095,-0.00358321610838175,66.6944453983576,0.740788293420337
0,61.7579925167624,-1.19459693410643,0.268036413006485,98.8901385335406,1.16190870804712
0,74.1444970903476,-2.02885658613829,1.43384631630033,118.699822186488,1.58373938174918
0,30.4148723177387,2.12408653976063,0.958514925092459,41.4442712179211,1.31464088696521
0,64.735898934298,0.299219062813124,-1.7968915021047,98.7312000380988,1.6881008062046
0,45.2511603850127,-0.824643051149339,0.0664431005716324,70.2330466050407,1.4493332967395
0,59.8117098378587,1.52434567788945,1.86385842226446,89.924729584019,1.74625152652152
0,31.7564478046344,-0.614820405730783,-0.36470246501267,54.6757120255891,1.68215883383527
0,47.3938918264773,-0.45976066348376,-0.0985821401700377,78.4548523761211,1.89934350107796
0,40.4115468742634,0.443640987583446,-0.426602113991976,64.5865722759733,1.5563489056658
0,45.0970428993348,-1.39598147444982,1.11134369019419,74.560525024136,1.28507384646218
0,39.2270328639934,-0.502477861628173,-0.590181440114975,61.236687479766,1.27699898148421
0,53.6942591054445,-1.06059878223795,-0.328091629780829,86.401116420463,0.52629648509901
0,62.1626648113935,1.17460715763047,1.71479803789407,96.7659891682969,1.99383063428104
0,45.061567643859,0.330371459656535,-1.74405014049262,70.4610695679911,0.649975129985251
0,47.7221527902281,-0.288433220566114,0.0222345888614655,72.6597713165548,1.20756071642973
0,38.8835111295273,1.32156210264278,0.305805844254792,56.6087512284143,1.66645627142861
0,59.9583308940962,-0.0454740273538609,-1.28396229818463,90.3741973064251,0.562449149205349
0,55.6182889094609,-0.214793901616877,-0.22666632104665,87.4973021609254,0.75386736728251
0,34.3572144348412,0.13480451241815,-0.808859881944954,50.9216681127093,0.761431884719059
0,64.8107701910531,-0.644997500085118,-1.9119562106207,101.790574856396,0.869077962241136
0,38.3079484988777,0.0570719155291017,-1.38270142860711,56.3910135791919,1.02796764788218
0,39.4798646253364,0.931184671545328,1.70855736639351,62.3833662613523,1.34687219711486
0,35.2815447517098,0.203663452276264,0.673737329430878,55.7851853939864,1.70983598113526
0,38.0656307923581,1.62579612344971,1.12603862490505,57.8124466945247,1.91760657459963
0,46.5202057530806,-0.593355958720706,-0.458987471647561,77.4740508706658,0.614298606174998
0,55.3282254314942,-0.308569082055948,0.0573560977354646,86.4604538925844,0.500144802615978
0,42.8901142414916,1.33644832852931,0.450096700340509,64.9727963437805,0.630163377616554
0,48.010108623676,-1.20646409452483,1.96220060437918,78.1208398607039,1.35330957872793
0,47.1862667648154,-1.40888180770124,0.483457974158227,78.4599257098912,1.08150715322699
0,61.7092627520498,0.644424623754144,-1.46383547503501,96.0530872452895,0.782169310026802
0,72.8873318592,-0.408867428984605,-1.99539326876402,109.729094920225,1.59618529886939
0,39.3114338550092,-0.979236369824986,-1.89058630727232,63.1341906873316,0.999576372210868
0,69.0620418856242,-0.927231216419259,-1.24591012857854,104.305531842195,1.66050574148539
0,71.3179771847887,0.79270411853512,-0.430238200351596,111.232460034262,0.595728416577913
0,52.3145636301535,-0.68909903597529,1.93758231960237,85.1497165540172,1.05446754570585
0,58.969457378272,-0.0416516404215562,0.63515708502382,95.0238832466184,1.06273807189427
0,32.6120728764848,-0.785618777019648,0.315730566158891,52.7584929159661,0.780271024792455
0,54.6884794013553,0.4344554586641,0.0177062610164285,84.7553484734035,1.52594241022598
0,44.5585232680226,-0.665566901846607,-0.225432609207928,73.4423068512891,1.9789565136889
0,48.3458584619155,0.449936130069846,-0.822847255505621,75.1636941525356,1.46561801899225
0,55.5216656257281,-0.548040463452155,0.799864887259901,89.7151821151179,1.5145871861605
0,60.333302116035,1.85693691208123,-1.31590696983039,91.4184597490211,1.27410268853419
0,49.5382119521645,0.40207812111575,0.851028828881681,76.4955111612414,1.30569012498017
0,76.3870731259579,-1.86460318556058,-1.79395136516541,120.321070394786,1.43759848386981
0,55.8900574922502,1.37493052047263,-1.62692608032376,83.1111954703972,1.57739208603743
0,47.9762266577079,-0.0746035055403732,-0.328014278784394,74.0089396762023,1.15571646252647
0,54.4156013800238,0.22779389971164,0.0120582710951567,80.0867241455147,0.839655388030224
0,48.9974229791717,1.38865619323333,1.80668598413467,73.8613394356387,1.93492149701342
0,39.0659600800889,0.405822127350406,1.06748779676855,64.5418207126926,1.38351130113006
0,55.0324733858265,2.56136759868205,0.00597087666392326,85.0372336530965,0.994333822163753
0,59.4924009111764,-0.526334569793747,0.368740977719426,91.5466332416841,1.5215123211965
0,53.8280205602231,0.352407393770692,1.21538913436234,82.6148592114847,0.67119112983346
0,53.7157821089805,0.475161141291331,-0.390075602568686,78.187892699472,0.851884275325574
0,51.5721640165142,0.791905108509305,0.739626468159258,79.8340750024366,1.67181452631485
0,58.4793988997537,0.831271029700769,-0.348442601971328,87.7878937495841,1.09689194057137
0,37.1660734349482,0.548697929846243,1.6961830528453,56.3958100529055,1.13728787016589
0,61.582786080896,-1.24227498092802,-1.4057331001386,96.2791868634229,1.57138932531234
0,40.9089378683401,-0.413370331843489,-1.12342389300466,62.4569644548711,1.46629810740706
0,53.3499070516858,0.0710386853613732,-0.50911183282733,84.4366159385872,0.587970806285739
0,57.7585408191641,-0.494271818071687,-1.83759602624923,90.1865033917345,1.33609421481378
0,52.3714015227601,0.322143267993693,0.622867229394615,81.561262664118,1.81173772003967
0,34.401298654128,-0.796429134375704,-0.327108695171773,57.7988752473716,1.5222231359221
0,50.2432675118888,0.907116281386659,-0.995640873908997,76.8722102700695,1.13710813422222
0,53.3463518915829,0.207539150347981,0.852182403206825,78.4917634097952,1.25648895476479
0,59.8941099914714,0.547842405004734,0.0458692498505116,92.3413096777691,0.919293052167632
0,55.003751135416,-0.22169528429994,-1.74973996728659,85.7321642338854,1.04255204834044
0,55.7690786545545,-0.681797182178005,0.389073298312724,88.9394242661956,0.832113052951172
0,61.4269094011911,1.45985706973908,0.700063801370561,91.5071728768719,1.71885684970766
0,42.9255218557702,-0.862507887588664,1.31661758199334,70.2953258970544,1.91367234743666
0,43.8144035901887,-0.800383855157766,1.18339741788805,70.8339587120993,1.54111959249713
0,49.9168580385754,-0.68514196580317,-1.78330593835562,75.6613493986645,1.03574421105441
0,53.3891973395269,1.82132263410678,1.84661256149411,84.6679195897119,1.39083201310132
0,64.0540629884683,-0.104744220596189,0.205808762460947,96.3043604321112,1.27598221926019
0,41.3473014763737,1.11147452679476,1.25515926908702,62.3252557750125,1.08598882588558
0,41.2604604337991,-1.02752209427414,1.36829991918057,70.2760339203241,0.910075282212347
0,57.743182008249,-0.424123583125695,1.01334169134498,87.9101781789387,1.63893051736522
0,45.9810975848275,-0.159149418177784,0.512380816973746,74.012830760622,0.767582975444384
0,47.8486216946411,0.658170841972663,1.72422926314175,74.023138047138,1.13361260329839
0,56.0525613051401,-0.303464556482093,-1.87572031095624,85.6660836991012,1.57828340714332
0,43.8543231635252,0.696562801882666,0.0366928288713098,63.5586893970536,1.20429715886712
0,42.7557706857559,0.112772261493095,-0.151034363545477,65.3886313002114,1.20763065153733
0,47.4305736281822,0.180256561398902,0.237614308483899,74.7787379930803,0.618159812293015
0,46.0792726365044,2.1212044307174,1.59914537332952,68.1904088302748,1.35937338869553
0,43.1329803825534,-0.67724515768195,0.903330639004707,72.1034361824767,1.89203747001011
0,58.7584034013082,0.975279636884236,-1.3598126815632,88.367693490672,0.873332425253466
0,45.1894201395751,1.09733861872641,-1.12055867537856,67.7821251769628,1.53331178508233
0,50.683575908681,1.66738580380783,0.24094373267144,75.6859662851727,1.75781216728501
0,51.3702489281585,0.324119853477316,-0.550489629618824,79.8504903072266,1.00675266119651
0,31.4123148112942,0.250784954668287,-1.06056979484856,51.4494835225105,1.5515059530735
0,53.4627657136052,0.153309143680586,1.86511970032007,85.8997607682699,0.997320935828611
0,65.0163381994693,0.715229305996022,1.40860797464848,101.703573004929,1.49121602193918
0,49.862618796706,0.610541619161322,-1.22366367932409,78.7999166648985,1.27012484439183
0,42.2475480248897,-0.281816891217829,1.50904643535614,67.141353425774,1.5074188784929
0,63.111581356762,0.885998134265093,-0.937078412622213,95.1366190941254,1.18552245886531
0,52.6052455655484,0.594126927122837,0.466408615931869,84.7745872064184,1.83366291166749
0,60.1401700762575,0.700118281593645,1.25208669994026,91.7075287709763,1.48280348884873
0,52.1559420847465,2.81491279503349,0.765265630558133,77.5970844016684,1.6798344370909
0,56.1340462609199,0.277078099153463,0.715157299302518,87.7610221362654,0.7229307978414
0,64.4598848106203,-0.513741244477688,-0.185318476520479,104.665280570115,0.958564963308163
0,56.5808590074518,0.422214152789072,0.0592075949534774,90.2649885403296,1.75101803580765
0,53.7523449649149,-0.265564340886777,1.94138726312667,85.9972946584762,1.47558311664034
0,43.2531172406182,-0.770354222150151,1.06132748164237,71.3656734296999,1.40980190527625
0,55.8048057329627,-0.376500645612233,1.38718774821609,82.4552336000372,1.27019659313373
0,45.8577066777339,0.110222930784873,0.197477443143725,71.5785755653769,1.88224255782552
0,71.8050398539242,0.972561427059444,-1.62966351211071,108.994145560321,1.94197081378661
0,53.4285764365026,0.356994016994474,-0.702107358723879,86.8582751341953,1.56818394758739
0,42.0197533809284,-0.824167316178698,-1.66086386889219,66.7741063574035,0.643813595059328
0,66.4103616625365,-0.155630678991287,-0.997462533414364,103.482830413744,1.35825098515488
0,45.3999488834875,-1.52971660161298,-0.0198811525478959,74.3132894437537,1.40564659109805
0,34.1352901139382,-0.202227510837209,-1.89851720072329,50.7728177848492,0.818692527594976
0,39.5508432592821,-1.31151722791159,-0.526448770426214,64.7587954146003,0.817968416376971
0,50.4165366588576,-1.39007893871245,1.87420293781906,83.9754447506683,0.827558091725223
0,45.6797362252266,0.962138141645872,0.382451553829014,70.4472562563347,0.559860460576601
0,54.585911476868,-0.17813477901026,-1.22812097985297,85.8469207058155,1.93740290252026
0,47.7064801394068,0.00328960117506923,-0.651664778590202,74.0883920960172,0.974171141861007
0,31.4303779015917,0.511615165517015,-1.26279012486339,47.3461222944298,1.05539521912578
0,47.1032582701885,-0.456060688239042,-0.843838388100266,76.0049215336935,0.735099292127416
0,67.6714123786919,-0.21090411916793,-1.36453336849809,101.392055141207,1.62467688741162
0,45.5731710269918,-0.572554868573356,1.33421537373215,74.9476431149545,1.28112714143936
0,44.1113559799843,-0.353336222838735,1.92266386561096,71.4914713502425,1.86593378405087
0,48.794117416471,-1.0496560241288,1.28184551000595,73.9677304629913,1.47949914250057
0,66.5306128186181,0.7883855209797,1.2317471774295,101.073977373342,1.32846824754961
0,41.2864543137026,0.619231580144126,1.03464019484818,67.000752183693,1.30975846329238
0,57.8066827085778,-0.785768492164587,0.0577734876424074,87.1739740992955,1.43199686950538
0,43.8612213068134,1.78160405193807,-0.0426098480820656,68.1063044524698,1.24648853507824
0,46.7240868869395,-0.249928557425748,-0.139396770857275,76.3664095373229,1.3748299726285
0,46.4478398409845,-0.301097396588297,1.19519084598869,76.4795291699661,1.6317072478123
0,57.8093407436684,-1.49933210991998,-1.65395742747933,91.415804186841,0.972864653565921
0,56.0867017178543,0.0342053478098827,-1.76241603400558,84.7089533632924,0.972348745330237
0,60.7617901747348,-0.911047222176761,-0.74439848959446,92.3351267617669,1.45623096916825
0,60.6555765231322,0.351385587315867,-1.65362101048231,91.9671024391333,0.505259747966193
0,71.6164641282926,0.195414362215204,1.77196905668825,110.824351096355,1.95047032693401
0,50.7045648205229,0.859629926713806,1.52014453243464,82.2226334348044,1.80499152606353
0,24.6477478040683,-0.674155138589608,-0.400686147622764,41.5635462425678,1.60614106431603
0,44.5866585527661,-1.66258565149713,-0.690077589824796,71.6588666823549,1.18136101576965
0,42.2406042645885,0.390045780841936,1.38826750777662,68.5541033842814,0.771867416682653
0,47.0404458176024,0.441365682409681,0.452030242420733,74.655864951403,1.65423015225679
0,61.5137290542338,1.28396592434211,1.14058083482087,92.5199406861138,1.43271604308393
0,44.3111213246848,-0.163185801701405,1.86496294941753,72.0416440824405,1.55822655849624
0,41.9421365997497,0.499569043121688,-1.43363671656698,62.6663201057822,1.67930229380727
0,54.9259386184164,0.460144067064487,-0.63824163749814,82.6586781179048,1.16556741122622
0,57.0075833733224,-0.476282040022087,1.38918551895767,88.6558172327678,1.26371725345962
0,47.5687470844992,-1.55664239038557,-1.40669309534132,75.6831753752351,1.6200232100673
0,54.1248117692248,-0.689022539113182,1.48326401878148,84.6125956495788,0.913934908341616
0,54.981653093588,0.148407389086632,-1.99391996487975,85.4543964633443,0.648850057157688
0,53.6767911462303,0.135429490904212,0.797609155997634,85.115430785532,1.42414369154721
0,44.293971308103,-1.37234184047492,-0.295575872063637,71.7440982696513,1.52833429106977
0,57.3881651771437,-0.0931036773678838,-1.23842923436314,91.6642452965801,0.947918512974866
0,27.3170867433505,-1.11820793439463,-0.293493851087987,47.0150071023318,1.84705831366591
0,56.1404104005247,0.744827357549737,-1.70646569970995,85.9179234318293,0.891352653037757
0,54.0363580599992,0.0776825859578852,1.32201502565295,84.0363171823566,1.90565780526958
0,70.5157932669931,-0.499928792474106,-1.22683995869011,111.754414598683,1.86203449580353
0,52.63244987215,0.611743478942702,-0.808517006225884,80.4014886400891,0.977400451316498
0,51.1042118944666,-0.869034775516044,-1.08420517202467,79.6963144112178,1.73005219700281
0,61.957636212874,1.16615799034312,-0.471657915972173,95.0493709975711,1.07679262780584
0,57.333095136331,-0.769731638856476,-0.192135526798666,88.7949042523904,1.6643354393309
0,49.9548830845836,-1.80724436689568,-0.215040364302695,79.246983944409,1.78585187136196
0,49.7878450040497,-0.917465740651156,0.905443423427641,82.8047230965486,0.77156631636899
0,51.3850173298157,-0.356456664570957,0.535844097845256,83.1616662562161,0.940704300068319
0,39.2987293004672,-0.176553706785467,1.42780045885593,65.3898692957619,1.81340267823543
0,62.3606206697686,-0.799311276346493,0.94729782640934,100.156869858746,1.56058877124451
0,44.6018990526458,-0.392796425823479,-0.900362318381667,70.4650287485574,1.49094980640803
0,47.0377108534393,0.273725082324397,-1.01617623213679,70.399045379073,1.10927093168721
0,56.8821880334964,0.258141982501913,0.81322306022048,87.3067968016408,0.998546963441186
0,46.0099269627213,0.110412063687764,0.446991167031229,71.617486734379,0.870583620620891
0,48.9651514715051,-0.915161122522455,1.525773672387,81.2683188089201,1.8795938732801
0,65.2953404059542,0.212936649900559,0.550641430541873,100.531571061757,1.28478312364314
0,43.6536354155117,1.40333534124712,-1.34888818208128,66.0874149797012,1.73750673863105
0,47.7314541090227,-0.808434808833702,0.114865572191775,77.4992105669233,1.15922336594667
0,65.010840927328,1.91953356242643,-1.09364393074065,95.2164566448204,1.72404982079752
0,46.5753651762137,0.865668884307897,1.68322624266148,69.6530214649037,1.00755393097643
0,44.4627244398852,-1.2639077211064,1.06934049725533,72.6340180360082,0.743457546108402
0,52.5762687069896,-0.956625877294363,-1.84908464923501,81.7613542870729,0.918141160043888
0,56.1312175865246,-0.303370061193043,-0.797668708488345,84.0508371591379,0.656682424945757
0,43.4771263322243,-0.00220360490056386,0.924209821969271,68.1557227995192,1.63781499082688
0,48.6171897091311,-0.913071354975655,1.41324717085809,81.2963321273245,1.22637911199126
0,48.763619981308,-0.649643176443167,1.56182809453458,77.1022415552234,1.94380002096295
0,40.3529478361663,0.376311077588093,-0.894008674658835,60.8091968166131,0.940124710672535
0,50.1904318401532,0.2779963826487,-1.57307159900665,80.120826951281,1.02016752387863
0,66.9169235319906,-0.754720890372454,-1.28695290908217,104.156961185459,0.831456182058901
0,58.8580907147417,-0.473084717719469,0.230830871500075,89.1098314503889,0.676947902655229
0,42.7006985451747,-0.91395042710506,-0.180278400890529,66.2888229752744,0.539930693455972
0,53.5188468309801,-2.60329970942661,-1.33997416030616,91.8203777696979,0.775137068936601
0,47.5266910673981,-0.593467498200933,1.69468911550939,78.9569621723094,1.95680084207561
0,48.3640816827668,-0.638979894573173,-0.559069594368339,76.0874428125611,1.36742454231717
0,58.7236056020825,-0.105916956315576,1.60820821858943,88.5050313465346,1.54646413074806
0,56.0593821388332,-0.980291154529057,0.0560098737478256,85.3067805566232,1.25940500246361
0,59.2724081261282,0.476235459637523,1.42692540306598,89.2491169758782,0.882661428651772
0,54.5804443665121,-1.41239128440147,-0.263975787907839,84.6768355999641,0.709520028322004
0,41.988859757851,1.63100315238839,-0.868837595917284,61.4623088337425,1.91928039351478
0,45.0287684700446,-1.12798588227457,1.89970198459923,76.5164012226606,1.384407962556
0,37.8703218514561,0.438451089522611,-1.53172075469047,56.9167350348053,1.12896762776654
0,56.1971259935642,1.90065023437915,-0.145528157241642,81.802928522334,1.19029706576839
0,63.596632579562,-0.700760424199841,1.4129019184038,98.3921996564008,1.33217440731823
0,33.789352372862,-0.3717393835228,-1.64852119330317,50.8086347370316,1.43448181182612
0,50.7955949935554,-0.678503248030561,-0.522918325848877,79.3384512193269,1.49715059308801
0,55.1259313730675,0.101451284461551,-1.09959734044969,82.1770915023409,1.18299677979667
0,47.8089806184912,0.553279834051488,-0.0463510118424892,77.0258931824016,1.45373778988142
0,41.7406130532946,-1.52222099582696,-0.501928951591253,67.73141316489,0.607504599029198
0,39.8642175588816,-1.02154930182434,1.62851938698441,67.929438077366,1.59221703314688
0,62.8206624602831,-1.39068213766217,-0.693147166632116,98.21520577193,1.8742538804654
0,47.8785550082038,0.433339795920382,1.40323560032994,75.0810566630544,1.38835759670474
0,61.8487723662641,0.369698592138803,0.93396607786417,93.6903981771301,1.87151747441385
0,43.4938756322771,-0.709493645627637,1.2241019802168,68.9038920113389,1.26385896909051
0,62.8736727005853,-1.01894940268142,-1.0146062085405,97.7306201554997,1.27481203642674
0,55.3893321566332,-1.64074625333368,1.55167683772743,90.0753075531859,0.910148333990946
0,50.2554055380391,0.682710512141664,0.832528214901686,77.9702726071665,1.90971399715636
0,61.639475327246,-0.751876713541874,0.036783192306757,97.315987330555,0.557087549590506
0,46.3237426788283,0.716236911745028,-0.510684861801565,72.2459221871242,1.73132194112986
0,46.3663043049862,1.99500140843909,1.6016425229609,68.0849697043442,0.914332835003734
0,49.9324663525455,1.34613637848412,-1.49812936782837,76.0859478089732,0.738152459380217
0,48.9952750113536,-0.826907119029068,-1.11359069310129,78.3698423705773,1.55486290948465
0,48.5140792163888,1.13846516751087,-0.107460197992623,70.3477986889705,1.69944205693901
0,48.1704724456307,-0.670743488970344,0.393501285463572,74.2419543108362,1.61795711528976
0,41.4185216234625,0.28830533745626,-0.943077680654824,66.9923888664616,0.698530970141292
0,59.58159182178,0.163840249645937,0.815302618779242,92.971246264861,1.41196889372077
0,41.609230581677,0.543705814431928,0.021876105107367,63.7108558900507,1.05182919080835
0,42.4027572068832,0.0089607826965823,0.147216908633709,67.1885599183266,0.811797864967957
0,41.3348518046379,0.29143972911296,1.79313782416284,63.0294747466599,1.5303527417127
0,66.5902566868139,0.632100222998882,1.27783209830523,101.988896496495,1.80869523482397
0,55.5694227721052,-2.12229472459214,-0.149428360164165,91.8867880700096,1.86447217082605
0,56.0138612966221,-0.273116168728087,1.17848526127636,87.3397857643391,1.9124247203581
0,30.3021317889576,0.379269650648216,-0.249417730607092,46.1796089953661,0.832352805067785
0,46.1989225102632,0.207411582705335,-0.527879635803401,69.9530126733774,0.884176710154861
0,61.5777354406233,0.130075482647751,-1.71600062958896,96.7408810971108,1.38961663644295
0,63.8963465416294,1.7290152298527,0.764049641788006,96.8826802654436,1.88483077113051
0,29.8849157522381,-0.131777383691539,0.351354111917317,45.337878696892,1.82586952671409
0,26.6369149962361,0.0901800389952223,0.265563301742077,41.5916612424997,1.5556961405091
0,36.3154022988862,-0.122655944893569,-0.284666342660785,53.4837830876489,1.27250007039402
0,36.2690573964639,2.34798597248153,1.47947658970952,53.7826694583002,0.52872932725586
0,57.3738855008549,-0.62236219518714,1.7205333057791,92.0071718048173,0.554134933045134
0,54.5470934175018,1.09608012991909,-0.22947046533227,81.9104995410314,1.3139543881407
0,67.7668132830334,1.13795870017689,-1.89696886576712,98.7929729594316,1.73595713078976
0,51.9498558822814,-0.740714885875294,-0.619565674103796,78.4262380832662,0.592986717354506
0,46.5538737786042,1.23768243980547,-1.19371640402824,68.4144103074914,1.5986836773809
0,66.1267663514805,0.589619597581652,0.638127494603395,96.7684858047044,1.23430878878571
0,57.7570936361247,1.00741836369821,-0.808793112635612,89.0321388910844,1.73771765735
0,57.0427912561433,-1.75300650648146,-1.74465839471668,89.4434986453583,0.942427654983476
0,60.7215421601982,-0.773431753710342,0.109019595198333,90.3343549803683,1.21889944770373
0,47.8586923031409,-0.386735295761461,1.40190916601568,78.5973252315824,0.80230607453268
0,53.6363106391217,0.188347531556599,-0.927589058876038,83.1040182065874,1.83337175648194
0,60.8356378657411,-0.0619437868449765,0.571465939283371,89.264359989506,1.79104380414356
0,30.4772384283653,-0.148388226122151,0.311897818930447,48.6730846030394,1.35136577591766
0,50.1551017861606,0.599105401299345,-0.218432380817831,74.8000339532272,1.34383937797975
0,41.2901907996219,0.913847832792144,1.97325583174825,67.1405617109321,1.27876156195998
0,40.9906578508909,1.6666000600483,0.715864283964038,65.4505005024845,0.511380051961169
0,42.2388793236578,0.603637972396393,-0.601936848834157,65.0191387901067,1.20043434971012
0,53.6143075115401,-1.16201140949401,-1.12209328636527,86.9411179741996,1.00781793193892
0,49.8265068773565,-1.37223198751365,0.158075768500566,83.5299578326391,1.98434349580202
0,38.8180464020128,1.33404139102141,-0.361250975169241,57.4060401350791,1.56211167224683
0,55.8669137484252,-0.393542558040908,-1.08314822986722,87.8021650789059,1.69499791739509
0,54.8619500992403,0.353585138470633,-0.902176874689758,83.4550242410582,1.52327731880359
0,54.7389445579668,0.400055481683396,1.44257316365838,84.1116178521496,0.511657913099043
0,53.6142745289176,0.666740074189319,0.665762464515865,83.2919633016613,1.05942010460421
0,62.1768364371144,-0.420241256035585,-1.56433944310993,95.4720179978842,0.987258128239773
0,43.2688303986845,-0.328174632770276,-0.394699718803167,70.0522119625864,1.63266420934815
0,44.0115175816265,0.437923476479789,-0.660199659876525,66.9159543978021,1.66623308474664
0,57.358731465118,-0.784044326886472,-1.97166499122977,87.1927820258785,1.78667094605044
0,56.0173965147488,-0.226837232126531,0.418795473873615,88.7780611700381,0.898027901886962
0,61.0889193968728,-0.582210315071111,-0.433873964473605,97.2420794951056,1.22866007511038
0,49.8860940161393,-1.098110347489,1.22027746867388,77.8309614758473,0.805465637822635
0,56.0503596068712,0.162352442701946,-1.34651783201844,83.0487721221081,1.37519270228222
0,61.2352815317424,0.450619475819499,0.399747295305133,94.4321760466693,0.827547931461595
0,42.9463794628996,0.0982995234973026,-0.983859966509044,66.7909733830711,1.51525768463034
0,67.6247207167883,0.334055561690702,0.961649319157004,103.270648040654,1.45817079232074
0,42.6997930450514,-0.0903722507191762,-1.77545916195959,68.9581561541655,1.84285314078443
0,33.6584237321824,-0.175437620600107,-1.67614070978016,49.3701899879116,0.947871449985541
0,48.760062200764,-1.57072135945584,-0.436479056254029,76.0194836337719,1.28876602347009
0,52.0413947030642,1.21159302733537,-0.871688518673182,77.2596079788519,1.24418761010747
0,43.1676078057139,1.45793829178585,1.85811914876103,66.4725822924118,1.69395795615856
0,39.8363772829916,0.865075477914802,-0.145089474506676,58.6410651917454,1.17028541024774
0,43.2856583436621,0.589875474734274,1.91725955158472,70.1445171230403,1.81091988971457
0,61.2186281570044,0.0828203415601401,1.41422246582806,94.9993757141151,1.15970064268913
0,28.9933629501566,-0.403684784749441,0.57376772724092,45.4210941114436,1.70564938953612
0,29.0912814041796,0.193777916274814,-0.0240278244018555,44.2139980269422,0.948281590477563
0,37.0889998987982,-0.553142679203068,-0.324362536892295,57.6944652056624,1.80820349685382
0,60.7199151952253,0.70346433981999,-0.391077247448266,93.1646411133006,0.823124298243783
0,58.948701520835,0.397668729642592,-1.11332564987242,87.7522569558908,1.30549197958317
0,41.5736770109889,0.0100055504835981,0.125171184539795,65.4517558200897,1.90562993544154
0,50.4629749227415,-0.255537690151586,-1.54271437041461,75.5530009496187,1.12366483488586
0,56.2336814870254,0.301799212469126,-1.44640714209527,85.7306643478029,1.7185069792904
0,54.8509195186874,0.723584081288875,-1.54226767364889,83.0625709387874,1.31388831639197
0,55.3194447340168,1.4151701539861,-1.68902678694576,84.5044452247996,1.33052299288101
0,51.9742268076406,-1.37337950574091,-1.49417250137776,82.4456514067967,1.58184198639356
0,53.2656678446289,-0.599548070268292,0.664298814721406,86.1499989954583,1.33290623826906
0,35.5976800848981,1.71015618024855,1.55550742894411,50.5702210467567,0.660251583205536
0,71.1470907987023,-0.163937529099855,-1.27179879508913,109.811843369645,1.38569072447717
0,48.1532768677988,1.60460144055646,-1.3488597040996,71.0207255196326,0.776404912467115
0,54.9210432752908,-0.798674754667866,0.455164112150669,89.974606572585,1.95144422166049
0,36.3867301443658,1.18037424884885,-1.74320015404373,51.0680577818768,1.654025495518
0,46.3478244209612,-0.859589831327811,-1.59514959994704,74.6535511276933,1.03825232863892
0,57.561265592095,-0.86974967242439,1.98853589221835,91.6506524689727,1.79447636182886
0,51.4650280851619,0.295584565295028,-1.07334137987345,78.9116033055005,0.68666029185988
0,52.6194724850615,-0.274837917019254,1.0136463297531,83.1278148372538,1.95987091807183
0,36.9384095627565,-1.11238074519984,0.0958702219650149,61.1735836015419,1.29475429712329
0,54.9216403244383,-1.10611190648605,-1.5743857966736,85.2630547566971,0.820410025655292
0,44.8889599932096,0.308028588983761,-1.49000490084291,69.2583843629041,1.57035856286529
0,33.3942545861401,-1.08568792211512,1.09726194106042,56.8096901554804,1.9020317569375
0,56.2237637086629,1.01683942966976,-0.258875255472958,84.6513149886044,1.32857814407907
0,50.1573101128227,1.29398257664835,0.00874045770615339,74.852343309621,1.27375193138141
0,42.6611287403562,-1.20692916422951,0.364201955497265,73.7221628670028,1.00888009543996
0,52.7521113796498,-1.74997090694174,0.490192091092467,83.6665495091995,0.559885051334277
0,31.412614089905,-2.19522755244751,1.7831339892,55.2237499305078,1.7086225647945
0,70.7889036683578,0.780089945806557,-1.55340972356498,107.708765758388,0.899057856528088
0,26.3911967279371,-1.08546476672529,-0.98347279150039,44.3995829785933,1.90408403240144
0,53.2713539729589,1.01612857543453,-1.93819813989103,82.1137562135877,1.01361929124687
0,47.724772737215,-0.21040661077906,0.692987275309861,76.3744628419169,1.28205603582319
0,38.1940468588195,-1.33866666877921,-1.79380461107939,63.1672014413195,1.16067609225865
0,53.3042153155968,-0.876139679397935,1.03760911617428,87.3405200842094,1.95314243505709
0,45.9306521995629,0.0471728881584331,-0.17448834516108,68.6688701209051,1.54919839068316
0,65.2522324018498,2.01695237231075,1.96064411941916,98.0719500813074,0.619425471639261
0,38.9681613170001,0.372699001110427,1.96044660545886,63.3567298941459,0.980886944453232
1,45.420394516623,-1.05760623853722,-1.37964356224984,NA,0.730964402551763
1,68.5440760168973,1.53931479335463,1.20448149833828,NA,1.33381254831329
1,48.1463987774887,0.173930386548489,-0.0567241879180074,NA,1.43775742780417
1,68.8628644640618,-0.716144507137811,0.467945185489953,NA,0.809444613871165
1,47.0520899054281,-0.152880744231399,1.40302476007491,NA,0.861678681103513
1,69.7288195015122,1.04050276071088,-0.67885581497103,NA,1.81420800101478
1,50.4392192339818,0.00749412987996673,0.514539221301675,NA,1.70538802433293
1,54.6083277951899,0.203893754984795,-0.68373523466289,NA,0.7177519017132
1,59.2865109900348,0.902696673595266,-0.76336348708719,NA,0.726534928195179
1,40.0689038863147,1.23225706885163,1.95431187842041,NA,0.750680768513121
1,54.4946734197408,-0.110084357757583,-0.104469080455601,NA,1.54262595740147
1,55.2608834455621,0.8172045605674,-0.392903355881572,NA,0.820824007503688
1,69.8978910169261,0.260642225436118,-1.55461154412478,NA,0.770331116160378
1,42.4187854343554,0.522794138608852,1.36349788121879,NA,1.37068216514308
1,70.3703921838356,0.609700716873731,1.29432650096714,NA,1.11139645625371
1,53.8757532162213,0.783646739149326,1.17825145740062,NA,1.00200484704692
1,50.581288533652,0.509136712245655,1.17852082941681,NA,0.593665791209787
1,66.1212801143698,-0.0825003438537667,1.1176251238212,NA,0.814710346166976
1,58.637603951486,0.636347790353845,-1.04204407148063,NA,0.797016689903103
1,65.6000937609889,0.489068212527038,0.107439395040274,NA,1.80437566468026
1,74.4198525465037,0.705263412976571,1.71166808623821,NA,1.92756092839409
1,54.3513344038494,-0.000182745959134423,0.126262155361474,NA,1.0398203979712
1,33.9710010521426,0.595051015328492,1.61440125107765,NA,0.961432366981171
1,48.8708710629614,-0.0119282468376232,0.928048062138259,NA,1.1881054827245
1,52.4079455872949,0.517039259106483,-1.72424015402794,NA,0.742802642518654
1,55.9883067562943,-0.555168868779606,-1.97241410054266,NA,1.89762808976229
1,36.369854120751,2.19512811980175,1.83312228973955,NA,1.0742043282371
1,46.4985118770405,0.451531684333099,-1.5557942641899,NA,0.758322421112098
1,49.3778008455828,0.194232147335399,-0.417833919636905,NA,1.83682385832071
1,52.3658879988485,-0.949397214370272,0.141696964390576,NA,1.70296148676425
1,47.3863745352568,0.214705008660615,1.66452642623335,NA,1.5691467121942
1,48.8620909409923,0.515357073913529,0.539596066810191,NA,1.40643274062313
1,76.1998464131186,0.578410397629552,-1.83329897839576,NA,1.16767306649126
1,52.8289061673369,0.214983958314284,-1.18053746409714,NA,1.96217031439301
1,39.4491114080483,0.172615941528088,0.00801937654614449,NA,1.97889763326384
1,42.1432231519839,0.711801556670461,1.42198421712965,NA,0.837437550420873
1,55.3021465955125,1.17027021177765,0.207849795930088,NA,1.29155326087493
1,77.3870223762755,-0.341479135560743,-1.75892760790884,NA,1.95819654350635
1,62.3060003652628,0.0944711121541439,-0.568840341642499,NA,1.65085647744127
1,39.6165591175253,-0.693224721742882,0.801856072619557,NA,1.54372372024227
1,54.3691751466006,-0.178365015681843,0.727659092284739,NA,0.696877821348608
1,45.7148481462999,-0.866784886674107,-0.459044289775193,NA,1.26016429497395
1,41.2427646577266,-0.362927130392892,-1.27754874527454,NA,1.74650267732795
1,56.0604612522194,1.35794951473975,-0.624473577365279,NA,0.562652091146447
1,84.2851547928345,1.18976180012282,-0.495025279931724,NA,1.27316481608432
1,71.9945942560809,-0.199956855101399,0.227047830820084,NA,1.37499000306707
1,38.2573430323691,0.523778912759267,-1.40408487711102,NA,1.23817640077323
1,59.7893482632889,0.524959515287531,-1.82174016255885,NA,0.597774424124509
1,62.3107892507586,2.40688284707875,0.243696205317974,NA,1.89841563662048
1,65.8673385296553,-0.952644350073809,1.82404291816056,NA,1.2841973840259
1,60.2690703331732,0.00287683159815166,-0.310579672455788,NA,1.48274643707555
1,73.1898548558901,0.544655584403373,-0.200238660909235,NA,0.848838429315947
1,39.7635179601926,-0.481160918618405,-0.1034921342507,NA,1.79384964308701
1,64.5940225802207,0.265369462732936,-1.96738785598427,NA,0.802533333771862
1,50.872549181999,-0.670255590109463,1.03742244560272,NA,1.49179783253931
1,48.9068278167357,0.117445448292266,-1.79561959952116,NA,1.87544349953532
1,67.9374477041987,1.28541091391236,-0.756784151308239,NA,0.877870434778742
1,80.3704554673684,0.294921097803146,1.04022850655019,NA,1.12913514359389
1,59.807971365502,0.371997876759701,-0.488575455732644,NA,0.617199564352632
1,64.3087111945211,0.211610207825132,0.36163810454309,NA,1.11874167376664
1,49.8719350393225,-0.652373695018249,-0.0556607944890857,NA,1.40750472003128
1,58.035398098542,-2.00339137932797,0.501401173882186,NA,1.79944858676754
1,38.4168946118001,0.638687019071343,-0.376356753520668,NA,0.87425318849273
1,57.2577391900496,-0.654091210189563,-0.442238518036902,NA,1.36521800141782
1,72.8224846457736,-2.35654304104334,1.23187003377825,NA,1.42668232310098
1,71.9096531043127,0.11002275226108,-0.490425588563085,NA,1.1302994992584
1,53.5215780251158,-0.775503786628173,1.33926034532487,NA,1.43436235678382
1,56.7525939729089,0.315318746742615,-1.71564858499914,NA,1.83274697326124
1,38.2477115678081,-0.0442352419222847,1.89696321170777,NA,0.708352562622167
1,29.9868279260928,0.402808022181593,-1.79809650033712,NA,0.784419964882545
1,62.2290718089238,1.2915757509593,-0.509326139464974,NA,1.04199969873298
1,45.5406427136069,-0.704534608190763,0.645054493099451,NA,0.868422524654306
1,56.0298117795232,0.987106990956333,1.8250737329945,NA,0.763912153779529
1,62.6572744099261,0.166968325255217,-0.366141988895833,NA,1.18236984871328
1,72.4423797362646,-0.331119541205344,0.2760273180902,NA,1.95951568253804
1,70.4874164239651,-0.35921834101106,0.226194841787219,NA,1.34924631391186
1,66.5446481621,-0.222566135207877,-1.90614758990705,NA,1.748739498551
1,50.9391811948875,-0.326891000217396,1.06566528510302,NA,0.570002360153012
1,68.1612716915101,-1.01436950259364,-1.70592006482184,NA,1.11288073693868
1,44.5908062814485,-0.286796916553955,-0.412287194281816,NA,0.994091504486278
1,44.1962625981789,0.770975022539786,-1.53410476166755,NA,1.86893356591463
1,40.1429278757582,-0.0419448287312711,-1.13191511575133,NA,0.662999128806405
1,55.4561481037644,-0.462317739989591,-1.50722923688591,NA,1.6650747518288
1,62.2901249554246,0.750939095829341,-0.191009728237987,NA,1.50114534038585
1,68.2799662959802,-0.606939597174422,0.347550537437201,NA,1.15846152917948
1,67.4295211797391,-0.411146843769387,1.95321215875447,NA,0.730738111771643
1,57.0103705422976,0.547123000307221,1.79665455128998,NA,1.06604821921792
1,51.1484968855096,-0.218724861552124,-0.598131357692182,NA,1.49201099306811
1,55.2103237982101,0.384883800466398,0.413328342139721,NA,0.797225284390152
1,61.6404439342246,-0.836392028767705,-1.05046270508319,NA,1.71237606904469
1,68.3888355969664,-0.33601172732848,-0.566275589168072,NA,1.50221158307977
1,47.1198186659239,1.28211311355322,1.27471326105297,NA,1.16051660035737
1,41.3969823516303,0.16285478708865,-1.09648155141622,NA,1.07651796401478
1,31.5715344618779,1.12509420742029,-1.96280151885003,NA,1.62622707919218
1,39.2761552893792,-0.738145612074417,1.69675106089562,NA,1.40433975704946
1,46.3466799573492,-0.666510060798008,-0.426103785634041,NA,0.663188380305655
1,48.2477607980546,0.224840734130048,-0.858433484099805,NA,1.80147390672937
1,57.9833764062822,1.17329982754384,-1.01868102885783,NA,1.67376273870468
1,45.0153911668088,-0.568604415316821,1.14881816040725,NA,1.80496031569783
1,51.5936202255253,-0.260526712455526,-0.334722657687962,NA,1.57876707613468
1,42.6317785117273,1.11905646899672,-1.56166394334286,NA,1.36396603600588
1,41.6317610572939,0.794609743361062,0.650384604930878,NA,1.17092434142251
1,50.9917608467803,0.0951490604667691,-0.849674567580223,NA,1.25300555210561
1,38.3484654726296,0.182349283489542,0.446123672649264,NA,1.31836850685067
1,46.3738050120738,1.03129301851143,-1.70778169482946,NA,1.89856951509137
1,84.1622319368566,2.12506452480411,-1.01486947666854,NA,0.504171270527877
1,57.2267310525977,0.392082529538871,-0.888507933355868,NA,0.887888912227936
1,47.566102309898,0.818193610766865,-1.13220273144543,NA,0.831051825429313
1,54.3787440457172,0.442263249019188,1.49367933440953,NA,0.537178387981839
1,63.3115935048016,0.797260885603388,-1.33146295975894,NA,1.99426746519748
1,58.6556922672179,0.88040544100394,-0.558703905902803,NA,0.926996481139213
1,52.480744189811,0.412942798908825,1.82690403517336,NA,1.49381822044961
1,37.846425937674,0.680902919106124,0.963139950297773,NA,0.597245292039588
1,51.5938714199169,0.821562903302811,-1.48985954839736,NA,1.24879278417211
1,68.799112752863,1.65016265719586,-1.84169194847345,NA,0.984086662298068
1,56.2284118194683,1.44434056334064,0.897228442132473,NA,1.87110847455915
1,59.6139939164241,-1.36972730048711,-0.519333488307893,NA,1.32916587893851
1,55.826803205411,-0.294814976036635,1.83915975037962,NA,1.36217416182626
1,62.1542126409698,2.83108854107728,-0.0944322003051639,NA,1.83230716292746
1,77.3054320049623,1.13355088042941,0.844211388379335,NA,1.71851561544463
1,61.3954448577638,-1.55285543931478,-1.00127257034183,NA,1.36679500550963
1,37.169781049553,0.613407824493466,-0.380985193885863,NA,1.75768989417702
1,58.995676933078,0.0816673908738945,0.840393957681954,NA,1.47521824785508
1,50.10394164469,1.71286111228364,1.03035120107234,NA,1.91316463181283
1,56.2688855714673,-0.286602511509148,-1.44745669234544,NA,1.80412987584714
1,47.3079833417057,-0.105427343845237,-0.982060541398823,NA,0.558613760396838
1,70.0049869136571,1.8634975604509,0.51295902300626,NA,0.859901252086274
1,54.8854713005583,-0.358105428717859,1.41875783726573,NA,1.82790648250375
1,61.2321922943328,-0.239579325314119,0.396768246777356,NA,1.79112751595676
1,49.7239110514815,-0.801281843591525,1.84093072451651,NA,0.62157677509822
1,84.4908981337807,-0.62361718211389,1.00269299559295,NA,1.29157940263394
1,53.339395195437,-1.01683943308782,1.23362576216459,NA,1.29608615254983
1,60.374351728401,0.746418377254058,1.43420956656337,NA,1.55398951517418
1,51.0338956116535,-0.17943313589267,0.260688124224544,NA,1.7991468567634
1,48.9107959919098,1.33403517395012,1.32413925416768,NA,1.24158849823289
1,55.6648548540801,-0.110482843808618,0.813950572162867,NA,0.689038608688861
1,69.9698781602134,0.341677924431573,1.55176314152777,NA,0.853732915245928
1,73.7293478590367,-0.430775677713986,0.277218151837587,NA,0.931607337086461
1,52.9579829255786,0.75833780503686,0.45252310950309,NA,1.71313928149175
1,55.2623016660379,1.88138255901467,-1.7795849153772,NA,1.16715559153818
1,68.8945899643865,0.574974322392395,-1.47078960295767,NA,1.04167954390869
1,73.4138651217459,1.09574124132728,1.91713130474091,NA,1.18177915748674
1,50.4166807241155,0.255911744601336,1.35943426843733,NA,1.4640859013889
1,53.089534118115,0.301445577716296,1.42501680739224,NA,0.58461742894724
1,69.1547499455301,-0.504587680425798,1.82378737162799,NA,1.2278053878108
1,59.5045061307905,-0.65612553531409,-0.643973701633513,NA,0.812998429406434
1,44.3054027417544,-1.29138487841814,0.634486535564065,NA,0.786717209150083
1,64.4016209679356,-0.621451593323517,-0.764609845355153,NA,1.59657235839404
1,21.7290895143267,0.919680709653546,-1.00035004690289,NA,0.516206282307394
1,66.0362291272405,0.821938656238311,1.39067869074643,NA,1.91743154998403
1,60.8012736017827,0.498896435243441,0.409919603727758,NA,0.979419175768271
1,61.2693195346641,0.464347586573269,-0.240603236481547,NA,1.92998552799691
1,62.4511963277407,0.380437395146432,-0.769399791024625,NA,1.36444011540152
1,50.7756483531908,-0.525291626873703,-0.51029231864959,NA,1.03475565044209
1,54.021413114786,-0.319441211059155,0.286035679280758,NA,1.07118945021648
1,44.2798168737778,0.903911468631259,1.08528758957982,NA,1.29264083341695
1,38.5571285223611,-0.0148870257070902,0.372685478068888,NA,0.796512360568158
1,62.4856808676402,0.524087720533026,-1.24622586462647,NA,1.9158041793853
1,42.3080822280992,-0.207493240354415,-1.911282136105,NA,0.589427433325909
1,71.1534422451761,-1.16566885090408,0.319211660884321,NA,1.84468431945425
1,69.4614181117257,1.35873865717569,1.81829289067537,NA,1.26590654021129
1,51.831066025007,0.201268137742172,0.415034621022642,NA,1.37546852976084
1,57.0566940597217,0.0353504731686485,0.942574140615761,NA,1.29292321484536
1,72.9796712012073,0.720955724822997,1.29214708320796,NA,0.894855972845107
1,56.2066155117701,2.41018161843767,0.913441295735538,NA,1.8577502106782
1,62.4951032111299,0.333901622418232,1.9825678197667,NA,0.865387112018652
1,63.6142298349658,1.71971047066448,-0.760873327031732,NA,1.32618833146989
1,71.5073675262353,1.15708619481508,0.803046197630465,NA,1.69059132912662
1,51.1496842036569,-0.207796713522421,-1.21766847092658,NA,1.89357631513849
1,56.2695815580161,0.938767690331228,1.04265237040818,NA,1.63421888474841
1,49.1353779127541,0.463716040984049,1.4565791003406,NA,1.2642794259591
1,38.3756482325097,1.14044520457538,0.366411099210382,NA,1.47221078292932
1,28.4285050415608,0.964511768747884,-1.7210654001683,NA,0.980311540071853
1,45.8005421797321,-0.0852193318516197,1.24587711971253,NA,1.86041086213663
1,55.7188337568448,-1.19401395151577,1.51927779242396,NA,1.43633210263215
1,46.7741398325306,0.734047288147941,1.17738392669708,NA,1.07151436805725
1,54.5442980321357,0.550204183027853,-1.89156175963581,NA,1.21373858174775
1,57.0294435961188,-0.260576281877242,1.18930226750672,NA,0.545377537724562
1,67.5661321095737,0.887777465392216,0.718838315457106,NA,1.19631275907159
1,33.1370082504584,0.0666651873743637,1.84682547394186,NA,1.2701144379098
1,81.0544856158531,1.87778856904633,-1.41593611985445,NA,0.635149609413929
1,56.3922252949407,0.450191894246548,1.54402003251016,NA,1.68882669438608
1,66.6802248416648,-0.0985699649943054,-1.26920089311898,NA,1.04433984961361
1,33.5232969939111,1.59016264272656,-1.86027717124671,NA,0.756278314860538
1,73.6810902944667,-1.94659205216903,-1.23055531457067,NA,0.589951190515421
1,56.1600568627743,0.129673194727892,-1.9728666190058,NA,1.10801847523544
1,48.9627533331952,1.14767529302783,0.34173269290477,NA,0.989402192877606
1,47.6711141995197,0.337763865512226,-1.45480760093778,NA,1.48752409708686
1,53.8321515343864,0.315001181022363,1.64432268496603,NA,1.73078867606819
1,45.1689622729349,0.93520645277991,-1.81413687299937,NA,1.68108843127266
1,47.1287087043121,-0.992012057035367,0.375306716188788,NA,0.500178622198291
1,33.2848309580684,-0.175803386552604,-1.73476447444409,NA,1.19658036180772
1,51.9823024282873,-0.124953025878472,1.5087242750451,NA,0.852118908194825
1,43.3735404497578,-0.0620498553912992,-0.0346846133470535,NA,0.581282321712933
1,40.4966754977145,1.22887796657034,0.749305731616914,NA,1.05104183428921
1,46.2476011073565,-0.2212522525432,-1.69070673827082,NA,1.88612004928291
1,64.5268063944878,0.119265669711705,-1.97300834115595,NA,0.666722537833266
1,47.1318004610385,-0.493824744616076,1.19606323447078,NA,1.41594510269351
1,74.5185628180898,-1.33995033798459,0.324484971351922,NA,0.626150954980403
1,81.0511366874411,2.13090924977549,-1.4545315830037,NA,0.924658009083942
1,36.2307442594021,0.918008148453219,-1.02349496353418,NA,1.94630123639945
1,48.1121112399158,0.0132547634020757,-1.66159213148057,NA,1.21092364529613
1,53.8665706332083,0.766070969998136,1.46011635754257,NA,1.64487972890493
1,46.1830494084493,0.345937141198867,1.46656369045377,NA,0.813563572592102
1,71.2748724064637,-0.108775522876474,-1.59060931298882,NA,0.695921243634075
1,56.8523309672508,-0.623859590462595,-1.33985666558146,NA,1.60379212850239
1,45.0547783425668,-0.146554824350888,-1.11317884270102,NA,1.36992416484281
1,48.8552134917663,-1.16522370543408,-0.842136136256158,NA,1.97802728717215
1,41.9641268459159,-1.38153869841373,-0.269077721051872,NA,0.948525498970412
1,49.2132161561875,-1.36324697828138,0.816278219223022,NA,1.72448373551015
1,68.0813926468815,-0.538197246455075,1.33116208296269,NA,0.728723046719097
1,43.5392618721484,0.181138666594574,-0.486751638352871,NA,1.86790006083902
1,62.3966160425465,-0.741176775916828,-0.40656347759068,NA,1.54465576587245
1,51.9536394236183,1.26749640889967,1.34179097786546,NA,1.43863762472756
1,35.2509982211676,-0.288620185747572,1.41857331804931,NA,1.63909845927265
1,45.576192199646,-0.46518801140278,0.602922681719065,NA,0.543915192829445
1,35.0735012173342,0.42548347983721,1.11887760553509,NA,0.721002168022096
1,77.6697964798893,0.22221192299036,-1.09626933280379,NA,1.33329619618598
1,58.000249880563,-0.787669782594758,0.97204861883074,NA,1.97918702231254
1,56.7173986520135,1.43484938958813,-0.00435790978372097,NA,1.50159876118414
1,55.1733734977712,0.345116262327351,-1.96760043501854,NA,0.706436931039207
1,57.9110370174163,1.37378984229117,0.894867783412337,NA,1.25292291736696
1,51.5018438458302,0.866319980598673,-0.349458297714591,NA,1.70302167616319
1,50.2728689090569,1.13276789765057,1.89357042405754,NA,1.1618147919653
1,44.3707303433652,-0.79959965700213,0.11636355984956,NA,1.24666021740995
1,52.8578144518292,-0.420264934616684,-1.46159825660288,NA,0.785588218132034
1,53.7663822828172,0.0060471621743271,1.51402798946947,NA,1.00386781408451
1,43.4855857029925,-1.19283236379772,-0.924474240280688,NA,1.65316990052816
1,56.7389229266985,0.775577676972729,0.282467444427311,NA,1.1765691190958
1,39.0561142248927,0.626832124989229,-0.783213668502867,NA,0.78712754836306
1,57.9209096449172,0.3145060452737,0.591521603986621,NA,1.87930773152038
1,54.211206672223,-1.27499853721097,-0.144318767823279,NA,0.563888266100548
1,65.8955929372784,-0.188514013832835,1.15030445810407,NA,1.84441954211798
1,55.0673010170589,0.880576214009525,-1.04764401912689,NA,1.26620283315424
1,61.3799216904071,-0.310372680575011,0.662045196630061,NA,1.25833550759126
1,72.284304927831,0.213215863623914,-1.20909123308957,NA,0.677704583853483
1,58.9126735734438,0.428093995036547,-1.28530300501734,NA,1.7407658562297
1,65.3691390585514,1.4563469953837,-1.64786646980792,NA,1.8215437651379
1,50.9071890449808,0.323542277398695,-1.79873949289322,NA,1.2074158785399
1,48.49081917126,-0.0779749172842716,0.364091328345239,NA,1.70114946039394
1,51.5575360159066,0.682447077560021,-1.10749192815274,NA,1.7437137872912
1,43.8146797541894,-0.633221966216347,0.798566687852144,NA,0.637686579604633
1,57.1117228002063,-2.35612939445472,-1.84120993502438,NA,1.17256393283606
1,58.0157120691508,0.231194114995985,-0.0604908689856529,NA,1.02321619528811
1,42.9945989137831,-0.520510268246801,-1.70794629957527,NA,1.91797963390127
1,54.3658458516949,-0.494721454408538,-1.79272218514234,NA,0.935529336798936
1,59.7813107710898,1.6960335023833,0.194642962887883,NA,0.553150736959651
1,47.9282005206727,0.862798173799401,0.866741648875177,NA,1.89893731160555
1,42.4134989681282,1.17701174209113,0.125855583697557,NA,1.86586735886522
1,56.3456232157585,1.88404205105593,0.439770401455462,NA,0.775575632811524
