"treat","X1","X2","X3","X4","cbps_weights","y","id"
0,1.07448517974568,10.3203613984619,0.212551039032068,463.280755022715,0.00536888866938737,227.532472152201,1
1,0.723769103850874,9.91195631330532,0.189487503293678,383.759777593948,0.00393700787401575,199.817494912927,2
0,0.690913449383815,10.6452402297076,0.217376311585208,424.287951161075,0.0117368181775465,196.886005313413,3
1,0.347071191772425,9.9077681620934,0.09670586830695,399.366070771758,0.00393700787401575,174.685347682528,4
0,0.50168285092697,9.59491771122203,0.232558907271248,472.854594121701,0.00946343045320619,191.297747179036,5
0,1.52310808728024,10.0310158303246,0.325720768432805,438.375903364515,0.00275820652053569,280.4516874138,6
0,1.02849023186349,9.79468688254913,0.216704539520397,436.388915774906,0.00430733957775894,227.07285177197,7
0,1.2089746750835,10.2494493439787,0.215716121758921,534.381580482565,0.00435137429266862,261.224868097343,8
0,2.25678718063969,9.79705482046324,0.186675861816821,397.271422286441,0.000554195890499825,248.418244030622,9
0,1.92505297634964,10.2412211784058,0.239468685466908,428.861853887724,0.00136018923078134,261.329944859386,10
0,1.29085069170503,9.76607355451351,0.259178590591218,337.830032299551,0.00287314704926808,227.28291614826,11
1,0.691174030371228,10.7252617696321,0.21461779363396,398.313183530476,0.00393700787401575,189.578368265034,12
1,0.779948773635698,9.56212967717758,0.181407626758371,370.178863023571,0.00393700787401575,208.178723654998,13
1,0.818348474689418,9.8018336874144,0.210591616194326,434.453795464677,0.00393700787401575,214.277306082884,14
1,1.82844406513352,9.69145648104732,0.256312316814138,388.6082838426,0.00393700787401575,248.395973369091,15
0,1.43309640890049,10.2512128870473,0.237831177331439,433.670261394286,0.00300963038585827,249.750276999484,16
1,0.870363965555271,9.72766564342702,0.222294955877103,352.925832992587,0.00393700787401575,178.444177732723,17
0,0.64761388221585,10.1844618306765,0.198669072255515,449.115878044102,0.00954340810207951,209.564000962847,18
0,1.15829041328053,10.053562255481,0.227251476783978,474.962496470035,0.00420216955771828,255.261030076675,19
1,0.684176145784521,9.87720111164663,0.25034943484275,415.32023809335,0.00393700787401575,181.684144749665,20
1,1.79866606541356,10.0452947175497,0.245325040324499,377.830300257818,0.00393700787401575,240.878103044429,21
0,2.14852530043116,9.97170539358808,0.141145853102157,445.110714443913,0.000679804482106145,248.616132158965,22
0,2.41119280236103,10.0797765019096,0.384529073568639,423.621923387988,0.000760034574384792,290.778554232528,23
1,0.917724986949753,11.0646025494526,0.208524274060745,490.656657328161,0.00393700787401575,248.363656466007,24
1,0.934192274021226,9.29314232420157,0.205603274291504,366.295649512623,0.00393700787401575,221.496446182671,25
1,1.20563684692075,10.1844903307279,0.19955189225172,401.012443076099,0.00393700787401575,206.260912212508,26
0,1.80240753639829,9.95143795711948,0.190253266938543,392.44647120587,0.00125605296240525,233.141210339,27
1,1.31289220287515,10.3748817683646,0.208610509874265,472.016438565808,0.00393700787401575,245.749682988318,28
0,1.00368327054115,10.4435240891468,0.215665385485613,477.954510105137,0.00652596732255234,220.234466753607,29
0,0.779747446927416,9.94468379925442,0.213178520983707,372.125690059672,0.006686266127966,188.905524875394,30
0,1.11275589992219,9.83118105243447,0.230353973431805,352.173193612333,0.00376996451533694,220.012268219143,31
1,0.510011772843126,10.1259573851964,0.201342903498853,409.183260813758,0.00393700787401575,179.890870767287,32
0,1.26047632320365,10.5751365771381,0.199538749709356,417.90462207324,0.00435531165343075,216.651392089291,33
0,1.10428132184137,9.03908546234289,0.207079940381755,228.567291840679,0.00221213732438516,133.701797926576,34
0,2.24028085561753,9.78959827025102,0.225835776921616,309.892443233779,0.000584681310643153,222.372675080796,35
1,0.671269972830939,11.426713632293,0.197734724259092,449.775482405467,0.00393700787401575,214.847920683618,36
0,1.34678901142346,9.69183533570126,0.190563307842143,428.198079989295,0.00230873447369829,220.680582482267,37
1,0.67469034797844,10.4562001697381,0.220826001479156,469.977050200893,0.00393700787401575,208.983022821787,38
0,1.61645074995113,9.35038397298208,0.307327808072235,349.577368447488,0.00150318843918758,245.394956299945,39
1,1.65000624131489,10.0862756927623,0.154118888663745,368.841929092263,0.00393700787401575,203.94267968969,40
1,0.820810817048969,10.7622519177917,0.192907641117592,408.22180846964,0.00393700787401575,221.099306104543,41
1,0.479582676835325,7.68664682889304,0.216146060508478,328.421294676445,0.00393700787401575,144.764589676424,42
1,0.602123064697351,10.2793893287228,0.2029097097427,422.372993122952,0.00393700787401575,194.150876248532,43
0,1.43247650336979,10.2606148935127,0.245892924433762,395.975911343409,0.00301555948317535,241.527700810595,44
1,1.92362630631105,9.96090982015328,0.222945274588678,398.982735081607,0.00393700787401575,247.916744748211,45
0,1.2238038234526,9.31848013555057,0.222695848848016,316.691288671875,0.00230183197062167,195.495722790253,46
0,0.463115667978857,11.9385083049459,0.122848511095682,457.461491427713,0.0289610396517459,208.530523945094,47
1,1.50943526635465,9.75687441278017,0.20787550654351,364.397716808196,0.00393700787401575,214.985256259223,48
0,1.06272029302614,10.4495747067477,0.21183485307938,485.905429956128,0.00593581551951523,228.694694656443,49
0,4.6711513699502,9.94322990429903,0.246963664066665,306.000771489528,1.33918266586243e-05,262.934176842146,50
0,1.54234997894369,10.3135768113216,0.229986546260056,372.173736089804,0.00248924073983584,228.322939116537,51
0,2.06037778982391,9.90576107862471,0.158370115196522,361.53257707496,0.000747376472984996,223.86094063369,52
1,1.12560228021503,10.4783492726105,0.222862853049072,458.211456447106,0.00393700787401575,245.24833719245,53
1,0.820985335857031,9.98491297377085,0.204347602426811,459.476582246099,0.00393700787401575,227.628203461977,54
1,0.324963185069099,9.32436155147115,0.103674858241554,432.234745649944,0.00393700787401575,180.322723864451,55
0,1.63896658872959,9.60722371399625,0.22472489946023,331.69788864828,0.00140185610116155,215.30079570863,56
1,1.45915537513494,10.1259816807636,0.211507374072729,373.137405006649,0.00393700787401575,217.044543254448,57
0,3.07150753983689,9.94237894921675,0.237685621325788,320.696737215712,0.000172498624777105,245.007033716328,58
0,0.711553917231979,10.2864778841304,0.168407499154792,407.1830619872,0.00838334195743278,218.443064120793,59
0,2.04357707031561,9.76546855156378,0.22450905574194,348.34840892647,0.000805531366326068,232.262729326761,60
1,0.658531680426408,9.96801042723742,0.205980480810313,372.688983767123,0.00393700787401575,181.107068037478,61
0,3.2494059810315,10.1132571736703,0.103115401398794,467.518432935104,0.000117806272864683,278.410844569291,62
1,0.466859332634218,9.43341344707276,0.234284934799994,377.631078675744,0.00393700787401575,157.11695367374,63
1,0.508989056847444,9.12373041806617,0.222478272003628,326.159083643709,0.00393700787401575,144.399630460969,64
0,2.30551612141588,9.90342225996259,0.261945808633817,399.619859737814,0.000632048366429209,263.543574106068,65
1,1.23661944473659,10.1632716177222,0.229905541794358,406.70855156979,0.00393700787401575,233.547227004897,66
1,0.466420959115836,11.0157403512663,0.197564237208558,443.188746194565,0.00393700787401575,187.102034026226,67
1,0.570811248531287,10.7209038021437,0.283445987707525,440.116317995348,0.00393700787401575,176.137951151056,68
0,0.607351258956289,9.00719339637843,0.142040732554915,329.651946136745,0.00447487723951462,184.255517727787,69
0,0.566593130048341,9.63857418858843,0.15088150657723,352.862704510724,0.00695751765816677,181.890093198189,70
0,2.06660212905173,9.6691128765112,0.258098969505477,382.533083436157,0.000802021473892763,251.700339567453,71
0,0.893676134627539,9.93321418623374,0.226634134219216,417.972455452811,0.00582658609379572,193.988663227395,72
0,1.87895636841006,9.85046935472156,0.252897134270025,306.863174035037,0.00113744405997398,220.558094007918,73
0,2.09021686330261,10.2508787388715,0.231831858453583,474.599666357216,0.00105890440599077,277.247503452311,74
1,0.538562940203904,9.18482824670226,0.134755943478204,306.505507076685,0.00393700787401575,165.62671665803,75
1,0.742574383621079,9.74688215398183,0.242628853415023,422.71927028009,0.00393700787401575,188.607835010137,76
1,0.579181114616014,9.59558852725847,0.168793180650227,351.073145609023,0.00393700787401575,179.561870752661,77
1,1.20020530616181,10.6544624012581,0.204624541727858,468.54806328773,0.00393700787401575,231.272936013336,78
1,0.445541758881328,10.6357991696233,0.233832456266839,368.58155244166,0.00393700787401575,152.402936112761,79
0,1.60477001037094,9.59763288061167,0.25915155199003,264.35689498266,0.00152179452273091,199.872353149326,80
0,1.59536684091163,10.1962127481535,0.268842892154902,477.578788118814,0.00245162358388287,277.752133464858,81
0,1.49267376756149,9.92494278228777,0.237659621222,363.015827281824,0.00220162684187668,228.209886909164,82
1,0.551881237215493,10.3711906391567,0.202850470327473,357.604102353066,0.00393700787401575,167.852603263235,83
1,0.611281466561429,9.8935953209762,0.23237631184099,415.026009597221,0.00393700787401575,183.623526237931,84
0,1.00096535507671,10.0682323619732,0.216038182822345,363.728441994397,0.00502261183387879,202.445948437296,85
1,1.67931021194926,10.1959149999622,0.210981939329459,432.451401853785,0.00393700787401575,246.869053908435,86
0,1.52994318697362,10.3340776435409,0.200931262010364,482.422099678571,0.00257129380914473,254.659392638147,87
1,1.00067904486188,9.70188920117694,0.215983958319157,393.468925915294,0.00393700787401575,205.44799742018,88
1,1.05820209092084,9.60371859302116,0.208352914771057,387.411486458926,0.00393700787401575,188.017849326639,89
1,0.619243218639619,10.3406158312666,0.243187692574222,408.740958842546,0.00393700787401575,177.472470185161,90
0,2.54365042673531,9.99099227520497,0.237585656335784,377.752613200414,0.000426019514514507,257.111342824954,91
0,0.990263933560802,10.1021878999882,0.216624244166214,460.638769891657,0.00549019085767896,219.737502669613,92
0,1.42420165839056,9.9733025069069,0.191423991848474,419.59961613996,0.00237204341384956,223.471158502505,93
0,0.899174992028993,8.49409245784109,0.229916509077602,286.689403996496,0.00246288012336973,142.711720474551,94
0,0.473009186931726,10.1001259351019,0.275604074032125,434.611488420603,0.0139498795197469,170.107330872971,95
1,1.18800370576788,10.1281435959531,0.186150658779079,448.299806143962,0.00393700787401575,206.768460730778,96
1,1.23751742237823,9.72256504495351,0.219473153980513,386.788296514486,0.00393700787401575,220.394432232922,97
1,0.982354151026651,9.89000725638255,0.217566980322484,456.5682752274,0.00393700787401575,214.472415496947,98
1,0.381055019448808,11.061531845968,0.0892442902262624,452.669869218735,0.00393700787401575,201.765605048997,99
0,1.00379764790333,10.6131226604929,0.216221328944144,456.233449548651,0.00708472184078666,237.305346740879,100
1,0.896391212598746,9.95331295817204,0.214552584964283,363.474600316271,0.00393700787401575,192.438093329783,101
0,1.98271986270875,9.82758914353693,0.235692173437514,409.99618507426,0.000971275157455654,255.435535053262,102
0,2.97688305491686,10.0224251498073,0.314929270986609,361.562544941862,0.000250154816493154,268.63585416637,103
0,0.624608020268805,10.967348838943,0.262957593346854,480.776135182859,0.0175809987268189,196.702805838609,104
0,1.24056942535685,10.1946024252309,0.259147702082998,456.15510332478,0.004196855750294,267.540270855519,105
1,1.13099779749614,10.681378894152,0.203186888328955,507.872233976758,0.00393700787401575,235.319103445126,106
1,1.03396735158121,9.84562689065206,0.2165710422761,338.903362072038,0.00393700787401575,192.686513679567,107
0,1.11285846197803,9.24443620714448,0.215146439667947,335.169773271182,0.00262753376260778,190.634783462702,108
1,1.06295414279902,9.76393133568893,0.214846659559974,343.594192268891,0.00393700787401575,190.355676396569,109
0,1.59728053716281,9.86580833062308,0.234539525030982,431.918696656449,0.00185846902440935,252.878209036566,110
0,1.4458919966833,10.2765333310264,0.231093880453318,399.522064325225,0.00289611161246074,236.643937393119,111
0,0.85427803745969,10.4229588329214,0.207279183162497,440.188704898267,0.00790302084117273,225.421941000682,112
1,0.68120758655183,11.0876245021763,0.221444079627124,462.514989331318,0.00393700787401575,205.858270254526,113
0,0.958018840806624,9.79655325089062,0.212427904007389,365.457603841429,0.00460793351944817,207.637498936251,114
1,1.00042748079885,9.43067148013643,0.215941327070584,345.6571537217,0.00393700787401575,168.681330709831,115
1,0.723777629637765,11.5734880565492,0.220266681796342,483.93514277661,0.00393700787401575,219.87284190353,116
0,0.991110599352749,10.882477438577,0.216101581657219,432.849594150778,0.00827330362108303,217.781270947622,117
1,0.551371135350235,9.90610517251284,0.172395800751868,436.423373965154,0.00393700787401575,201.811072279855,118
1,0.81110067802758,11.7721435217461,0.209794122533655,507.569577976175,0.00393700787401575,238.275489859239,119
0,1.0756283802975,10.441770502224,0.213442297839498,431.467748471236,0.00564049411759773,219.606809848911,120
1,1.53223219370701,10.4206652716882,0.20372503395598,510.399906138339,0.00393700787401575,266.246038358383,121
0,3.1404664833924,9.97896939659677,0.362856803469167,329.896746886988,0.000203233811194213,263.742911088162,122
0,2.27528958384731,9.86952433621247,0.329088290415833,286.341204470779,0.000700600066359542,232.668057520008,123
1,0.999769728046375,9.69224181638117,0.216005422712963,300.814940834708,0.00393700787401575,171.105466875216,124
0,1.89177019080934,9.67342750877323,0.245527015079456,318.861211127173,0.00100300053759664,222.059635846926,125
0,0.635187387269208,10.7399081547572,0.199768313786043,473.330322530576,0.0133998018812733,217.09261872062,126
0,1.97614063434327,9.56503594090153,0.231977581864415,315.525730265817,0.000802059590146035,220.410120809561,127
1,0.666547520738052,10.0905849608289,0.226136739505877,418.523541362642,0.00393700787401575,191.212332876877,128
0,1.56654721332713,9.57808059076864,0.152167967929488,308.531453038247,0.00132430482305124,175.125413028604,129
0,0.991177021976187,9.23735675647751,0.215572327356048,354.552130083946,0.00321775640005681,201.330283133073,130
0,1.67940516338842,10.0573695203925,0.194437435085087,410.58904764268,0.00165113588477736,236.40108838139,131
1,0.640568811605188,10.505619992264,0.244014978578594,387.75563983237,0.00393700787401575,172.9308662063,132
1,0.400339478157739,9.93653279432123,0.124393960101171,429.309636175946,0.00393700787401575,188.217584885485,133
1,0.520474396061969,9.40919215173259,0.329459764565613,390.092937178504,0.00393700787401575,146.505777173781,134
0,0.477634594404746,10.0756209582962,0.153640278774696,343.672362702461,0.0102013845577896,165.175284905668,135
1,0.47513133172056,10.365118557518,0.191417504111692,455.013345541503,0.00393700787401575,193.341738554359,136
1,0.581390171363747,9.73805384332869,0.21793799369752,377.981426675655,0.00393700787401575,172.147733474331,137
0,0.362118519626438,10.5144106289025,0.157681026135231,502.353292227553,0.0171423717750474,196.759833622942,138
0,2.62449294955008,9.89091125422018,0.17078074948733,373.137849142609,0.00030927552372221,245.661138518372,139
0,1.52479158812295,9.43939184103098,0.230687370302532,300.333862383721,0.0015282338504579,201.033903961934,140
1,1.03289975498668,10.7212282128936,0.214189029434258,549.369189298322,0.00393700787401575,249.397260671526,141
1,1.50747982032924,10.3166206503847,0.24004685180788,447.632895265177,0.00393700787401575,257.265217267709,142
0,0.882005073586951,9.21355160860843,0.21435402970327,332.945650572707,0.00373140470382313,180.13450338089,143
1,1.24405683518657,10.3658000019052,0.201087271695095,483.331723487944,0.00393700787401575,236.935463720114,144
1,1.12838353058944,10.2433177839563,0.216418582967321,471.594904570314,0.00393700787401575,239.997909370985,145
0,0.714876209879916,10.3876573090687,0.21931031037714,391.522835543027,0.00967397949138672,189.124518674449,146
1,0.834209831910732,10.51652638429,0.192110299706138,468.784659690018,0.00393700787401575,243.125686531297,147
1,1.81234074289518,9.85844233375678,0.268210343937669,302.707024474311,0.00393700787401575,221.024545740031,148
1,0.583419014737955,10.5797102205762,0.154900586578235,417.240614830369,0.00393700787401575,206.901328791315,149
1,1.1004399894293,10.4720732515695,0.216419875792438,459.013642663703,0.00393700787401575,235.955507684215,150
0,0.90157498114288,9.63985298605003,0.215988447442166,384.368799226126,0.00471043523179991,198.683364506092,151
1,0.798757994600485,10.6263230204654,0.218083979912989,483.579290773131,0.00393700787401575,222.248534778242,152
0,2.03617289296482,9.87281848290539,0.302369537042721,355.482582945283,0.00101363504156211,250.629993858952,153
0,0.588555891751277,11.0529896642854,0.275330426621128,462.223425245741,0.0198119463513826,185.846371082124,154
1,1.72859702945883,10.0387721468533,0.275099823898667,399.71422897857,0.00393700787401575,255.470003808431,155
0,1.68591343462874,10.5645663627946,0.189641230065334,549.529835961208,0.00230234885975209,278.680465362505,156
0,1.00549434521244,10.1821992241448,0.216625900771564,385.970691478816,0.00537754430556477,224.024539886535,157
1,1.60057508629667,10.1908511452351,0.151955553185058,493.765415581177,0.00393700787401575,240.399566066396,158
0,1.37360978857048,10.1959346535454,0.204302730205274,458.785832579192,0.00304536282225772,240.221948256004,159
0,1.1469578243806,9.36742939224682,0.226231273822633,373.945655042724,0.00277775042387308,220.615997122172,160
0,0.721981531443578,9.82433294564729,0.183263605909777,375.977647531925,0.0064833327674565,201.109633933086,161
1,1.3272982715209,10.6268889524216,0.242386363003477,476.622786060074,0.00393700787401575,265.704436401909,162
1,1.51668392477378,10.2443040639447,0.257092181979537,439.249177829776,0.00393700787401575,260.286523639485,163
1,2.53275098576702,10.0345448005335,0.283997258623908,316.851790288265,0.00393700787401575,240.934844652707,164
1,0.512138034822423,10.3957692796614,0.238333422861985,406.326611753728,0.00393700787401575,171.611644407363,165
1,1.44130038110968,10.0768061551231,0.203239627436867,358.018528619463,0.00393700787401575,208.566999876614,166
0,1.15184955154191,9.99952163783915,0.213463716155951,327.20595017902,0.00370411008245741,186.537533567963,167
0,0.72316256261355,9.85061637149074,0.2245818965679,414.20455102294,0.00727671823772325,191.949939377543,168
1,0.884550864679362,10.4024361769424,0.219509155039071,361.081198106447,0.00393700787401575,186.037894812639,169
1,0.68138018548055,9.87471445685772,0.205988259568127,377.065239802265,0.00393700787401575,185.633558061523,170
1,1.05425588058751,9.81696014656561,0.208311075030111,325.252972006296,0.00393700787401575,163.191283808973,171
0,1.50741285217865,10.1404061886739,0.200329887210364,497.479724495178,0.0024142044260925,257.648266609848,172
1,0.297226423538416,10.8217935493837,0.265966503854439,478.303603669593,0.00393700787401575,161.926911201968,173
1,0.567186978625761,10.4931280108925,0.214322684156883,412.96609226126,0.00393700787401575,183.496156618311,174
1,0.461848168431114,9.18620642215448,0.167280388969573,408.283331926132,0.00393700787401575,182.302788482056,175
1,0.627348169602585,10.7804846671867,0.276097318356713,430.734225762848,0.00393700787401575,176.484016335737,176
0,2.0846314958414,10.0367977503937,0.118250286355353,414.654910373506,0.000733595741662827,228.747278068,177
1,0.69797685523512,10.0315117820883,0.236276560492112,384.811769470256,0.00393700787401575,176.602470679399,178
1,0.521445938107625,10.0709685313568,0.320065920553047,486.47701211137,0.00393700787401575,180.160649509624,179
0,1.33634845052053,9.75138251683571,0.199219524980099,394.688283265217,0.00242377722177372,215.969526552308,180
0,0.812163009881924,9.55026663985989,0.215888143863935,346.410759542983,0.00507123933144648,179.550437245858,181
1,0.406820698125667,10.4465104539675,0.204734507262839,419.161528978311,0.00393700787401575,170.591851485219,182
0,0.77256811276004,9.90667820351852,0.1997836476919,440.375342130512,0.00669068982374381,220.033677086189,183
1,0.402497170481598,10.728041274265,0.345907598934404,446.697445819236,0.00393700787401575,158.314080477915,184
1,0.930497745217032,10.2286036105061,0.217890875896539,436.347426906879,0.00393700787401575,216.256413061268,185
0,3.30573733201064,9.91533790052393,0.313030832109642,406.910696223298,0.000142069773121051,290.128846953782,186
1,0.494150977337737,10.6534184992142,0.189233483586834,376.485956856387,0.00393700787401575,169.680393971057,187
0,0.792013382086617,10.5988352021729,0.192793549427828,414.157881700846,0.009213002459328,220.339534210268,188
1,0.940391102442473,10.7934583635957,0.210389948037319,434.224398915746,0.00393700787401575,231.237086563239,189
0,1.01345229636813,10.3383781124521,0.216208071295115,457.692331730293,0.00600573362087456,231.922295954452,190
1,0.756354772803754,12.0765991842908,0.235643004143759,468.144103349067,0.00393700787401575,205.30313382602,191
0,0.586698975494868,8.83434978987218,0.273567027220173,323.460151295605,0.00545168494836934,139.258317578262,192
1,1.63560579690367,10.260874250455,0.126170259999443,487.42841750987,0.00393700787401575,232.920004693262,193
0,1.5497646523644,10.2901382105698,0.195705992000197,448.295093476416,0.00236263341919971,244.08474613728,194
1,1.01825128594795,9.66243389875818,0.215458068844707,359.116660646846,0.00393700787401575,193.390467923093,195
0,1.54898300859008,9.75928946198928,0.224425605389597,377.476055578365,0.00180305386037952,228.961223002777,196
1,0.630308354151885,9.53598125930748,0.213032687489137,388.491990830284,0.00393700787401575,183.494853641214,197
0,1.21550135384975,9.59811583108845,0.23118684980484,361.809384626396,0.002833111804738,220.487441674117,198
1,0.987201015150256,10.1505814588714,0.215554187810723,402.486084701269,0.00393700787401575,216.205082532048,199
1,0.933489586347288,9.74431101614773,0.222309048529597,365.988131348828,0.00393700787401575,178.259764106107,200
0,0.819529559309669,9.14288215819897,0.21490694261328,304.386090452711,0.0039121283235677,164.832877639631,201
0,1.95553588964148,10.0921713254455,0.398339115270875,415.439037129277,0.0016269358551774,287.532852102932,202
0,0.585119834938536,9.84571028448654,0.258561627239987,420.538223600452,0.00972470157332989,177.273450413978,203
1,0.623772182098308,11.2148039887802,0.270009894505943,504.474918147895,0.00393700787401575,201.348880588281,204
0,0.456347062828242,8.72261893588132,0.250624088784895,417.806131582521,0.00635237247493078,166.139127891408,205
1,0.56536680321249,9.34223479429906,0.227827751178151,400.530540934453,0.00393700787401575,176.701660254064,206
0,0.991566869217056,9.54675598324654,0.216539706689616,322.150846819516,0.00375110814656545,170.023064245083,207
1,3.58798355061503,9.94653467334594,0.26286102942041,392.575157991095,0.00393700787401575,283.127085999424,208
0,1.67325826623069,10.2835863126316,0.205898008699231,455.648615052028,0.00197843404752507,252.599642271319,209
1,0.870705872023926,9.43637864192727,0.216915682891866,411.157258478486,0.00393700787401575,205.681840702368,210
0,1.01997377984096,9.63250359308874,0.21686341895971,300.740057360012,0.00371574121609107,183.491230124833,211
0,1.2531177960768,10.0221443136031,0.220456056435314,421.714423609267,0.00340098656291272,233.737811797394,212
1,0.748547441466523,10.5305217723644,0.228783733857866,432.61136670196,0.00393700787401575,198.598671881241,213
0,0.841029172982269,10.4875476350459,0.213757813143668,438.196775978718,0.00846325020392916,217.809959727695,214
0,0.444725068885024,7.61209515956587,0.0968550144867954,323.905005809122,0.00246468066851879,165.122782435403,215
0,1.08346458828963,10.5580521443524,0.209069773072734,441.076003604025,0.00591524776060059,216.042182225113,216
0,1.7288567413486,9.9602931930257,0.16318242499314,412.643533180772,0.00136030588417197,227.402802933034,217
1,0.956565284745217,10.429319868296,0.216001667112003,415.179547644012,0.00393700787401575,212.414597394748,218
0,1.04591907896786,9.69023468331417,0.212062726087498,397.766943117449,0.00383868461358145,198.92122699303,219
1,2.38520474130056,10.0460976771359,0.12090646764505,472.007931374921,0.00393700787401575,259.233869485222,220
1,0.625773313346799,8.56507421362644,0.212802202060455,379.46899422342,0.00393700787401575,178.340132963908,221
0,1.14487396172761,10.178626565844,0.199106783506836,411.618132500062,0.00420160198985226,200.846062208381,222
1,0.876473568700929,10.5881143798285,0.214312566664564,371.607343053208,0.00393700787401575,195.381115091549,223
1,0.809777923538114,10.9367668292594,0.229381167388349,464.544206954448,0.00393700787401575,208.742043847819,224
1,0.860689524240534,10.2352420439095,0.218772531441217,419.994499429229,0.00393700787401575,207.086091968716,225
1,0.798794319115038,10.4243419353641,0.207664280419978,429.313322568992,0.00393700787401575,213.91042693616,226
0,1.2005182380127,9.68918685685175,0.221793760395379,345.686239219699,0.00296805085861365,205.123750685951,227
0,0.860351423583827,9.37932674955984,0.224731090095715,318.976006788318,0.00428672519499197,162.415456951074,228
1,1.06948479993247,10.1446313042852,0.208320533536927,388.466184003517,0.00393700787401575,190.602133379212,229
1,1.13939307938773,10.6640916383969,0.19815869779664,510.286668635855,0.00393700787401575,230.502438654822,230
0,0.754385328636669,10.0393341391364,0.271972655472177,460.178357931678,0.00864660265274382,185.256296962038,231
1,0.356187877243083,8.79302269253778,0.325633739873269,318.333240790935,0.00393700787401575,109.078750631389,232
1,0.823390593996582,9.25300678880523,0.226657711384291,385.490619781181,0.00393700787401575,186.004981633117,233
0,0.38939069361982,9.12140717521557,0.126738279678723,338.233657357711,0.00658553735855868,153.986643833792,234
1,1.08491073400749,9.60799338282862,0.216577270501158,361.454278559036,0.00393700787401575,201.585142573286,235
0,1.50437666095491,10.0030370065551,0.233398224584827,387.852927980801,0.00226605664087342,234.839871465225,236
0,0.850331130146982,9.40076985570522,0.214961346652171,330.445224857331,0.00434934758993739,175.567739389092,237
0,1.69159891622263,9.80742878175834,0.296235714543647,399.904464157144,0.00171990979513065,259.544039453133,238
1,1.40239095615364,9.87849745878952,0.226667654041228,362.200994084233,0.00393700787401575,219.410399761825,239
1,1.02305170763288,10.3392753755866,0.216120785701474,410.167009470855,0.00393700787401575,215.912220078704,240
1,0.515587229206234,9.07327483581382,0.196469785805003,365.174336240977,0.00393700787401575,165.811528460149,241
1,2.6694677804048,10.0907902473321,0.223557454959811,422.879068332721,0.00393700787401575,273.564571572464,242
0,1.66243679996828,9.69521611345895,0.244844602736955,368.183463148218,0.0015039047697559,234.13499104185,243
0,0.896122909453519,10.1749844978966,0.203127437039796,386.802414443751,0.0062171130644817,219.462972812899,244
1,0.743539149829951,10.3325282248702,0.250998263939816,419.665177991565,0.00393700787401575,181.396240466121,245
1,0.838069223980282,9.40328644288035,0.205781298854395,388.455379392709,0.00393700787401575,204.95127772553,246
1,0.45380251972621,9.35483371533398,0.298007566514016,336.756282412191,0.00393700787401575,129.08757328821,247
1,0.459079177188938,9.69662012674796,0.16031563663414,368.719083670578,0.00393700787401575,169.962813566093,248
0,0.76409750562626,9.95131440599409,0.203274226826333,391.845334737861,0.00681852480430695,199.742337318398,249
1,0.576888369501769,9.44140652883917,0.191149032636284,374.0973081142,0.00393700787401575,178.78153859687,250
1,0.272819640075275,9.42828163662339,0.677390626637451,386.944519447775,0.00393700787401575,97.9266095738149,251
1,0.580968219387444,10.855819258837,0.276908374739743,423.445129700442,0.00393700787401575,171.293964475671,252
1,0.454108203439077,10.1160617347547,0.269355048579053,410.850926212615,0.00393700787401575,160.454716252009,253
1,1.97758221267022,10.1551417703937,0.222949800120766,452.079367633209,0.00393700787401575,265.732514710581,254
0,0.963359085512152,9.11414784093536,0.221359694562331,253.396118727118,0.00301325586406757,129.192002134652,255
1,0.798606349514267,9.9262045939675,0.197405825110613,416.368918515555,0.00393700787401575,215.596191663571,256
0,0.899464023789433,9.50247876695004,0.209799112614362,388.303097480234,0.00433920504965221,211.625096982562,257
0,0.7871918422185,9.84472377495286,0.193311394870145,364.086128189622,0.00598595066528569,199.429860617494,258
1,0.561309295271309,10.3816746288168,0.0985167941959854,366.004803916892,0.00393700787401575,206.382626362487,259
0,1.18993644643378,10.1703126702529,0.232664832336493,440.463565226823,0.00422504483979282,247.276410999185,260
1,1.43614947002078,10.5751146088379,0.233388259556698,459.509857840977,0.00393700787401575,256.410116340557,261
1,0.368564740893535,10.2115366183884,0.298699977542706,448.590225064559,0.00393700787401575,159.107828934968,262
1,0.720707896849181,10.3181367568695,0.260635543397901,463.600723680718,0.00393700787401575,192.664084869242,263
1,1.67361292993829,9.59763460234946,0.113314140716279,379.688582585384,0.00393700787401575,193.484835443702,264
1,0.651445300269049,10.7172179667734,0.200884117222548,375.650404956252,0.00393700787401575,183.956976604676,265
0,1.32461046727343,10.2765391584082,0.275417380653424,545.198454033692,0.00415642838319703,303.764783961618,266
0,1.13972822721837,10.2742204762901,0.206084394980736,410.386861470443,0.00452373776691289,208.19099424296,267
1,0.461865562235291,10.6309163731119,0.172225201974278,427.074388893137,0.00393700787401575,186.885644220976,268
0,0.674173090135789,10.1099627797736,0.271948893244798,376.89615311106,0.00977438885190156,158.618506589428,269
0,0.648619377357297,10.8571718403878,0.17412857779035,466.070968448615,0.0132352366763631,223.570616491318,270
0,4.02741989371623,9.98229538803734,0.410795988328902,388.875827017614,5.57153706606375e-05,301.621517970066,271
0,1.86861178375769,9.94649196263607,0.213647240977982,401.859688441744,0.00118618971747879,242.899293699417,272
0,0.616581253365132,9.50861575442063,0.230350407413186,330.169551199889,0.00692211121349042,154.384510500019,273
1,0.7114856267298,9.35664514951732,0.214098932876527,371.884922797118,0.00393700787401575,182.265484446836,274
0,1.44045925002199,10.4139682644645,0.201546760446027,477.393352827674,0.00309653047002032,248.34173617473,275
0,1.32961691912121,9.82422992492308,0.218236590777048,446.919850400057,0.00272378740072732,243.081288370782,276
0,0.421786434030086,9.40709687334656,0.207545278403861,448.550378980747,0.00911402031674945,181.865059766084,277
1,0.27647161468037,9.39741653444361,0.301781016269224,372.052892398691,0.00393700787401575,121.26183114076,278
0,1.53278447930281,9.88236279142065,0.249641971109204,301.837358327672,0.00199877525611867,209.542131410188,279
1,0.593671916458945,9.02159905164999,0.282850495142252,370.622432547524,0.00393700787401575,152.807897950412,280
0,1.54416830862127,9.60402130219596,0.189724853277256,334.876906295114,0.0015220590529673,200.91754875525,281
1,0.796538978005428,9.83166104018493,0.22348438443052,458.353571188231,0.00393700787401575,211.920941037965,282
1,1.97589800195015,10.040517263216,0.221550058070826,413.825390461985,0.00393700787401575,253.522924755117,283
0,0.703493598218533,9.7035262754791,0.20938056165889,423.823891585469,0.00675663217009769,201.44551318905,284
1,0.626007755384848,10.9498243894689,0.185749408654598,485.920298543471,0.00393700787401575,223.660308357724,285
1,1.03662670247323,10.3442579025029,0.218017573659728,414.346373440433,0.00393700787401575,226.165404791507,286
0,1.53496626228776,9.76464540940552,0.226878601270107,380.969948271634,0.00186204729660942,230.949664624551,287
0,1.68854412160742,9.65499667297979,0.217819712138134,382.275338642385,0.00134691590243074,234.108163776542,288
1,0.795021159278867,10.1130853053404,0.265654206884321,465.872958724552,0.00393700787401575,189.078083349125,289
0,1.79050801916027,9.69375966910531,0.169414485412887,337.771490197603,0.0010356057533932,206.281835827948,290
0,0.936867736269575,9.58026424523167,0.216059500463705,347.795226814725,0.00422491275548916,187.038257854708,291
0,1.01292838601084,9.80175590850007,0.216685296340222,351.140899621046,0.00423472439087097,201.031148764747,292
1,1.10599604886051,10.1418528101591,0.201755267551422,455.246420914994,0.00393700787401575,213.166852294022,293
1,0.411913478655088,10.6636723891175,0.19611153113702,453.802620213593,0.00393700787401575,180.98173223393,294
0,1.04576353593443,9.24633904649221,0.219428747154669,310.106138792381,0.0029148622085027,191.636492597305,295
1,0.55602588368592,8.79667015299401,0.255884613376538,267.502283261192,0.00393700787401575,119.053798455427,296
1,0.620585313863915,9.49803229095963,0.310044385408813,385.450344035681,0.00393700787401575,151.116853726557,297
0,1.1234761008041,9.75880599593734,0.222640155065881,342.024581529885,0.00348819030918445,203.843579762451,298
0,1.22592549573369,9.77815647510817,0.219423576705846,475.91976791937,0.00319351331723771,249.141428753815,299
1,1.03460576917632,10.5293227582578,0.217215062275003,543.143795748196,0.00393700787401575,262.091876474785,300
0,1.36701217084481,10.1264753574251,0.24721789796768,462.854535622389,0.00323469393951925,262.544093377093,301
0,0.703847891492523,9.37534023274267,0.212591031259235,389.716861102087,0.00557486401405474,187.703099423892,302
0,2.19527675554371,9.99085453358585,0.161871636178984,447.78580195729,0.000665173392307675,256.325958576926,303
0,1.09166026080782,9.98167299989315,0.216750942307631,370.043744331206,0.00416127439070104,205.945765127325,304
0,0.940605082139581,9.57673251475349,0.216850502432973,331.304386004426,0.00416111689931975,179.723685991175,305
1,0.620217664193694,10.1912443585456,0.250895000553332,405.668689916916,0.00393700787401575,174.369946474561,306
1,0.701875303605833,11.6427092610123,0.242232774697404,465.226803616417,0.00393700787401575,201.16151556599,307
1,0.330661204330175,10.4269638121366,0.287252601387733,397.902128148474,0.00393700787401575,138.462889338829,308
1,0.556644639995693,8.96062075826875,0.192660510485187,386.433304470747,0.00393700787401575,181.421322721918,309
1,0.495259439886903,9.37818471184864,0.27050461965213,353.825203620686,0.00393700787401575,141.999681488302,310
1,0.814252263278969,9.06544402925028,0.236591186828896,215.501967026677,0.00393700787401575,110.714589365728,311
1,1.1030614150233,10.9921970501302,0.209648518691568,467.876373056412,0.00393700787401575,226.421800134922,312
0,1.70823369822209,9.51072874906553,0.275220617118402,380.125402159039,0.00135056422244462,247.195582096631,313
1,0.530533623852698,8.7763969395913,0.200667553312253,366.463245677418,0.00393700787401575,168.403060909938,314
1,0.569281631076028,10.6082185090936,0.163027462138549,381.647675195567,0.00393700787401575,189.832946291191,315
1,0.918300159213838,11.0618143017677,0.200678392086201,497.35217904232,0.00393700787401575,266.143679818592,316
0,1.28507009935371,9.45986059105979,0.223886819486599,372.244586185776,0.00232812551449343,219.361404589244,317
0,1.8714998500276,9.71064733557962,0.118604218467428,411.642706669432,0.000862979847163201,219.007448438029,318
0,2.33204571918386,10.1168061125156,0.196075880197161,352.205157709255,0.000581977692935042,233.846400566262,319
0,0.720314244894129,9.49087617029246,0.194144349833194,416.074871073177,0.00565479900537933,207.389768014528,320
0,0.906816099198693,10.0858654601592,0.212352107862902,423.561786828922,0.00604651126460613,217.980455918612,321
1,0.566959063821674,10.5220875184338,0.303507510026648,417.535048183819,0.00393700787401575,163.742479403053,322
0,0.56123436435447,9.16846889349687,0.181238132811799,361.18496270152,0.00578885563127811,175.347693326846,323
0,0.585529930319363,9.88424068622472,0.203213994054792,338.234856761921,0.0085037683487544,162.426471809782,324
1,1.14480608116105,11.2295408034415,0.21708400914003,567.947638618764,0.00393700787401575,272.359510487134,325
1,0.888704832907572,10.1331249959904,0.220045046525568,359.886355717034,0.00393700787401575,183.748940073217,326
0,1.19331624584546,10.5174855877182,0.208341743694072,520.57353819546,0.0050546463262151,252.765542758487,327
1,0.832929711302588,10.7252479849335,0.239481119685121,426.833043114394,0.00393700787401575,189.437459728911,328
0,2.05345138519921,9.922403813453,0.218794807168702,443.597900206613,0.000899108432825031,264.696409486183,329
0,1.54705942191112,10.6777345007336,0.210675905112337,539.439371824618,0.00317482941745531,277.090908814098,330
1,2.34115835609536,10.0607205295353,0.152891822382459,368.958203429193,0.00393700787401575,230.491749845299,331
1,1.29132268589793,10.0080145205569,0.152727402885811,425.801141813309,0.00393700787401575,191.071150875967,332
0,2.06287670753501,9.81347239301511,0.130262670787811,296.400286566495,0.000646099974694425,191.419471830195,333
1,0.560330166199763,9.72682363103367,0.23560066390506,420.862634922188,0.00393700787401575,179.099434322329,334
0,0.820435782326508,9.50159409686746,0.210822303731938,364.07188675694,0.00486972310685376,189.848538233669,335
0,1.82468368169921,9.82695775175403,0.196085217414874,332.383199189848,0.00110893744281891,213.086311916163,336
1,0.557325534323927,9.8127909347742,0.202920868252199,402.051519026332,0.00393700787401575,182.173350710931,337
0,0.77233933603179,9.41676473597812,0.196160250968352,369.875743008236,0.00489211928142095,195.855101791778,338
0,1.79257913332445,10.3649096388624,0.279455386410927,508.734420549149,0.00203523199473586,293.190694880502,339
1,0.933252844429969,10.7575392139952,0.214434628365776,463.591016121638,0.00393700787401575,230.944607395245,340
0,1.68228583077927,9.97736873371764,0.21448779987488,415.729683802181,0.00164176231301644,242.75636814892,341
1,1.05504536061767,9.78373886057275,0.214622711704877,408.661306505727,0.00393700787401575,211.7790240618,342
1,0.495521003330291,10.3617223671679,0.20355621146025,441.103901633806,0.00393700787401575,187.431171412376,343
1,0.679088828715551,10.1374417443048,0.200602878321464,414.124746255098,0.00393700787401575,199.898116334544,344
0,1.28234251630485,10.6900078762941,0.184501156808112,506.475255471178,0.00455776317030935,236.569707805251,345
0,0.892306832831107,9.1317016027632,0.228483289387514,354.367748225888,0.00365139930647281,170.812436181902,346
0,0.592145058728551,10.8581133863813,0.267455093674553,407.959223039694,0.0169271379475668,169.487567724991,347
1,0.542513950779336,7.97788850096522,0.163153982948422,277.461624673743,0.00393700787401575,144.766187729731,348
1,0.521186461690637,10.7474441962405,0.258881097666834,446.636106845486,0.00393700787401575,179.245062337102,349
1,0.680597616427084,11.0839247846314,0.19909048011315,422.500086686176,0.00393700787401575,203.338753135162,350
0,0.638398920319476,9.66492037950522,0.212915440781439,392.428167198976,0.00727184504951013,182.732329251963,351
1,0.74418063497586,9.63992608186066,0.208176170049926,372.362439543262,0.00393700787401575,188.307708085789,352
1,1.15074307887434,9.51149071659744,0.197867780812895,344.36636271619,0.00393700787401575,176.854130426384,353
1,0.811873717453781,10.1567421496986,0.220776418912412,388.186130843898,0.00393700787401575,191.347120921935,354
0,0.629792957337238,10.7686139748307,0.161803588678161,351.940482209436,0.0119254858241665,188.322311219281,355
1,1.13457824734049,10.2436247804287,0.215147453527369,448.888104734621,0.00393700787401575,231.787364819563,356
0,1.41714847610524,10.1385122032826,0.260520692418218,476.615166629258,0.00310807110790916,271.578459421853,357
0,0.938309707716463,10.8532312359853,0.220824611557659,525.716948734438,0.00940329120464931,232.980766754501,358
1,1.20152374608683,10.4117077141139,0.225179122806903,378.359909474492,0.00393700787401575,221.306167799744,359
1,0.617782558449589,10.5885035141928,0.218411354203637,438.738595967354,0.00393700787401575,194.12128916258,360
1,0.785443102760827,9.70681255151792,0.225382257603709,320.307403690398,0.00393700787401575,162.487475550639,361
0,1.26314890667023,10.0550067159519,0.235385241963117,450.482902670598,0.00356513567859376,251.405861390396,362
1,0.677013727413449,10.2213437234536,0.218952831056534,362.07545138942,0.00393700787401575,173.87139215074,363
1,0.561444069216586,10.5113193134549,0.188806365735725,514.448858379858,0.00393700787401575,221.79133100421,364
0,2.81661719411568,9.90878847191922,0.157195353400937,304.27334376161,0.000215215843619367,223.14430522902,365
1,1.04802201703268,10.4937152082693,0.219790631208899,469.32652302568,0.00393700787401575,248.181378852365,366
0,2.57202484848907,10.0890018204306,0.154575606311777,505.506400557924,0.000389839663483818,284.074658789724,367
1,0.783320820201032,10.279655788989,0.205223432600041,389.88216750313,0.00393700787401575,198.710220820228,368
0,1.05602012183456,8.91535386981669,0.226905122971095,334.14978441163,0.00245935063153578,221.292641004751,369
1,0.780831038273014,10.6692624154451,0.2240050895268,493.176045883966,0.00393700787401575,221.542676921722,370
0,1.94407402716756,9.50322599124457,0.250017313655902,312.658203351933,0.000844899597260687,224.440853348308,371
1,1.63598262501142,10.2256675311946,0.189653008524004,426.169311498525,0.00393700787401575,238.103466438599,372
0,1.50338120918253,10.2051610466476,0.178039081834838,493.994876306216,0.00240363081342343,247.338974458365,373
1,0.739294590584779,9.78467744227504,0.235967997237131,446.593588788642,0.00393700787401575,198.758059449624,374
0,0.835156785764038,9.7638052789556,0.212240668597466,496.307292558436,0.0059116509086107,235.373511449152,375
0,1.7242053853927,9.74760724771379,0.223015207035924,383.967491526331,0.00135336366056825,236.151971262954,376
0,0.88212157414873,10.2564863569804,0.216623822090095,466.7576773356,0.00712987947957726,224.456977877224,377
0,1.33956553457224,10.1088038379817,0.2004320550566,465.56258498796,0.00305397511271723,238.919163193853,378
0,1.68605408629491,10.0100284967566,0.19797150857779,361.569955860442,0.00156138294525727,218.759124653927,379
0,1.2084346309812,10.097810060145,0.252540975970132,309.993858614035,0.0038235069304617,216.690204308226,380
1,0.340567039248602,11.237636047962,0.274414634513676,481.862353446856,0.00393700787401575,171.541065189833,381
1,0.66007019939215,9.32743113542948,0.280546664456054,409.751412374043,0.00393700787401575,168.758329966222,382
0,1.82082155855674,10.0016293763794,0.230231873148995,371.86205332281,0.00134257525096392,236.921146889218,383
1,0.803410667575874,9.79199505567569,0.173793780234871,444.011968761814,0.00393700787401575,244.564018992913,384
1,0.541535986584486,9.92696838986304,0.204348986943498,414.778188593018,0.00393700787401575,183.935180475335,385
0,1.7533947020341,9.87027438928746,0.204720987596069,432.241003079513,0.00136670177519742,249.044079962774,386
0,1.58864960003169,9.83712221428212,0.26460364912112,372.202005347078,0.00190743614381342,241.507193090218,387
1,0.700380592385217,9.51441031043163,0.2242435992891,391.484539309528,0.00393700787401575,183.49836754884,388
1,1.27706670967031,10.182561496308,0.176522269110814,368.641165368882,0.00393700787401575,185.765098969823,389
1,1.51811940046945,10.2115502530876,0.213730324076941,416.434458708035,0.00393700787401575,237.088417621472,390
1,0.93785738000688,10.4974944234823,0.214135352815725,420.918416772819,0.00393700787401575,218.702069145916,391
1,0.518061601733065,8.93872477287144,0.246349949525512,332.386324667289,0.00393700787401575,142.311277815328,392
0,1.25435585538004,10.5005912295398,0.208271156752421,366.592557796066,0.00417965471515643,204.133086606675,393
1,0.379298561610966,9.94084139229376,0.228117235819888,393.624045331822,0.00393700787401575,153.913047433617,394
1,0.591564086479098,10.6403924373145,0.148620046404447,461.298154669699,0.00393700787401575,224.800025446273,395
1,0.999950864575963,9.6854774166937,0.216003627357227,342.85158049449,0.00393700787401575,178.522563048389,396
0,0.524265145207789,9.5423356634312,0.187505520418585,356.98285903079,0.00761624292388967,167.547752796783,397
1,0.592513941168866,10.1123994076634,0.232080594452594,443.192863383694,0.00393700787401575,190.691430235146,398
1,0.876798978692405,11.1823218919987,0.194883049050104,485.299222732772,0.00393700787401575,255.206349684212,399
1,0.560344775749218,10.3340873785319,0.218837105275557,429.868099169558,0.00393700787401575,187.465391423362,400
1,0.386905614977858,9.74857452128391,0.221135254342606,398.334491225854,0.00393700787401575,155.389312577109,401
0,1.30253751838077,9.64036028736981,0.197220749680821,376.389744927778,0.00237488648593953,205.987518880734,402
1,1.06108862286096,9.73026412672086,0.215527642560463,408.886711958303,0.00393700787401575,215.126522724638,403
0,1.21500674442401,10.2686091773155,0.233472587035409,427.511395119753,0.00426010948170413,244.828065491759,404
0,0.7148315479443,9.29894691815899,0.224168644834759,344.973269754396,0.00524799644072262,168.269618665778,405
1,0.310322637394276,11.7885466842282,0.211634315154823,418.450047208948,0.00393700787401575,153.862803091719,406
0,2.51546112403342,10.0736969214035,0.181734681597563,434.178057055108,0.000430072104137754,266.144885466231,407
0,1.99244352724456,10.0205386179261,0.211696760273395,429.150487116567,0.00102365239322414,257.367386342167,408
1,1.3215828698846,10.176276164321,0.180873531695897,442.220188944733,0.00393700787401575,216.510833334725,409
1,0.633458513416859,10.2291297537105,0.197468411162032,361.520484473454,0.00393700787401575,178.191358422941,410
0,2.85218142296076,10.011891980303,0.249811750651381,454.078079475839,0.000280410294469556,292.769574189773,411
0,1.02079772408897,10.314210962361,0.219658091751476,373.015378437537,0.00563541687237545,228.984322560285,412
0,0.984006504592309,9.41426602879126,0.215864835744317,307.630787884286,0.00349895138504958,176.147558046641,413
0,3.25754478403304,9.91685782722404,0.178464335117638,411.690395672901,0.000117763404861364,274.550688678015,414
0,1.7559304976751,9.95919648163325,0.194278452482586,367.64422168286,0.00135188833996769,223.07151890989,415
1,0.715886868829735,9.72011017505164,0.216745051307162,323.124808687558,0.00393700787401575,163.89301777709,416
1,0.971200521387364,9.81512684681108,0.215837241842615,371.752709564259,0.00393700787401575,198.987154815192,417
0,1.56040512026768,10.3931709559524,0.168804547721278,474.329572239399,0.00236192654140727,239.214049585395,418
0,1.55225283516793,10.0736955686606,0.187408513385047,434.911190118136,0.00204109829590487,234.041961941181,419
0,1.31485133832654,9.7332331629675,0.186914728089738,373.795779224544,0.00239675133599128,198.091139221972,420
1,1.45057118504591,10.7053503227398,0.210020207129194,464.264106919683,0.00393700787401575,249.5733336432,421
1,0.930538990918159,10.5679106418395,0.219672926636609,412.765161135799,0.00393700787401575,203.046645456242,422
1,0.851692166309618,9.46137301778135,0.190617910082598,368.2243450584,0.00393700787401575,215.596917772062,423
0,0.964788583747655,10.6607989710529,0.212969508306529,474.794931033511,0.0077689767094596,245.660007307118,424
0,0.906476354308429,9.96469605059625,0.222656526888004,454.059951494799,0.00587434357837086,210.625687687571,425
1,0.657242468871089,9.11444383482645,0.268117119592336,369.813261108665,0.00393700787401575,156.963880178357,426
1,0.567947210680068,9.71454545915632,0.147186952385623,389.347845917432,0.00393700787401575,197.002940685075,427
0,1.39675177454231,9.33373945847129,0.280517826903438,345.986254012843,0.00200492452822156,237.559607286801,428
0,0.48046803967966,9.64780445530936,0.17203562026775,400.200218963384,0.00859088060698032,181.640520784894,429
0,1.54515937891599,9.92538541730991,0.242028859578878,355.051896723792,0.00203328786472545,227.08196478157,430
1,0.902677940901084,9.88484653916925,0.233202518528823,322.875716845046,0.00393700787401575,150.233207192554,431
0,0.734236957469436,9.90069009685663,0.226525866500224,355.566334376488,0.00714709731297789,172.990307051209,432
1,0.875803874428592,9.78099547001856,0.205376905362365,377.750308237975,0.00393700787401575,208.45969045965,433
1,0.520471671711819,10.33765558776,0.28530251313592,405.994468263116,0.00393700787401575,161.24571397011,434
1,0.62105119227979,10.6563719436616,0.183299484883347,450.74174729546,0.00393700787401575,212.841406047429,435
1,0.985602131899298,9.46599600892108,0.215272411345959,344.440000140225,0.00393700787401575,197.283529944991,436
1,0.582553557800732,9.32435106790091,0.198393695149828,356.263104204354,0.00393700787401575,170.178849974482,437
0,0.429927624771219,9.12005741285392,0.148866887391652,339.019344824199,0.00644719135406787,155.565773578944,438
0,0.553924076659203,8.34876705263398,0.224470905982294,382.797992059435,0.00412269628389252,171.030833965655,439
1,0.906266371297334,11.9740510980248,0.211594740762623,536.619788226388,0.00393700787401575,254.645697812746,440
1,1.09633948877241,10.1085327324019,0.20835091715276,371.518775126272,0.00393700787401575,191.437581719692,441
1,0.918416156839927,10.0163063674348,0.218940379914149,434.792147704974,0.00393700787401575,212.333736034203,442
0,1.41851064249532,9.73819993319611,0.210374225146115,318.991124010109,0.00207060134732871,197.495211577045,443
0,1.14371506953836,9.59636102590557,0.228336762787269,343.334510810613,0.00312674593764783,210.043906916769,444
1,0.9304355488854,9.71490223268413,0.227220506092911,332.337037428585,0.00393700787401575,155.674683962726,445
1,1.10305853388342,10.6687143840212,0.208978529962774,479.12846463873,0.00393700787401575,228.577317056731,446
0,2.76345807063435,9.91277675500901,0.135513115582041,424.2078163969,0.000239925673133159,258.911784951843,447
1,1.86383100632982,9.7376196831625,0.235244562442913,351.520076855808,0.00393700787401575,230.941991962989,448
1,1.74885979870641,10.2638668854538,0.188887661099314,421.873346295846,0.00393700787401575,239.554553965109,449
0,1.48103665682741,9.20842996430404,0.208551357835598,269.347060031406,0.00135936280970157,177.93997400058,450
1,0.619421672414799,8.99772688809975,0.209580949705165,395.957106798179,0.00393700787401575,183.927084021424,451
0,3.30218695345561,10.0715729908593,0.201198646551349,438.777556487266,0.000126682528303141,287.631565306179,452
0,1.54842235698614,10.1498022105818,0.250490831730022,428.449713629452,0.00241973484025903,252.700104576544,453
0,1.57936478499132,9.97049756416522,0.215233649944767,367.550788603318,0.00188279025080971,224.599852842061,454
1,0.951528796595576,9.8488959147447,0.214142004692181,351.469110628797,0.00393700787401575,194.639228745324,455
1,1.32645186974818,10.1775774428377,0.231494346135227,437.826665736581,0.00393700787401575,247.333000409177,456
0,1.10082894000078,9.41921740821479,0.220019849421399,373.898479720928,0.00303926125755143,214.267428107844,457
0,2.31538266275743,9.95698210256048,0.251133075784662,346.452977959287,0.000609316949091629,242.113928675184,458
0,1.37875656318744,10.4575518530115,0.210606872335793,490.610880094332,0.00359065884230844,254.465897864587,459
0,0.688702319232442,10.0944668772103,0.238321407009126,394.692565654242,0.00893933855346325,179.481125127583,460
1,1.04224958235327,9.52155150943372,0.216435482223,333.566118969959,0.00393700787401575,189.98584973628,461
1,1.13517847520231,9.71084583080455,0.216260989562418,390.217205722752,0.00393700787401575,213.210801899324,462
1,0.976481562364814,9.85090826896416,0.216965818841124,344.995761352477,0.00393700787401575,184.099994519991,463
1,0.503361346281609,10.2522790868756,0.225147596833088,373.089559429564,0.00393700787401575,159.836124040575,464
0,1.84494748495449,9.99018053752931,0.322077087022491,463.351806313833,0.00161920837161792,291.65441101043,465
1,0.720770874958964,11.4085276785437,0.189365078547297,529.813706943484,0.00393700787401575,248.057626205584,466
1,0.658480433623176,9.708547976483,0.179121140175734,367.080715176487,0.00393700787401575,190.651411356534,467
1,1.45649393745382,9.96440173382953,0.243294171573219,343.798281642754,0.00393700787401575,221.374525465608,468
1,2.05017936674522,10.0092008463952,0.176058088141889,346.238062418889,0.00393700787401575,221.458722594198,469
1,1.41561971088774,9.6784666245268,0.251638546040078,390.529282772743,0.00393700787401575,240.23197857768,470
0,1.43179208055133,9.9077422040981,0.250770643439776,393.9931031235,0.00250994261038566,240.941176941472,471
1,1.19722667431579,9.79601717316708,0.222949334101227,321.330384409933,0.00393700787401575,195.978614231453,472
0,1.56408213882115,9.76040135674702,0.201645317261527,377.412323554909,0.00168269468020619,220.723868202325,473
0,0.869358563148754,9.42176654995824,0.212648037820143,367.696596447818,0.00433359714009311,195.233895715987,474
1,1.51784410422655,10.2672109758775,0.250963577876207,414.571414015326,0.00393700787401575,251.649107047627,475
0,1.38241286660584,10.1962598378527,0.295338095365577,512.902641562535,0.00370731344121126,299.313503452703,476
0,1.14115499239122,9.61309822262707,0.233943065253473,347.117162148843,0.00321067770781794,221.117811578042,477
1,1.51760779678392,9.91416618522639,0.227564660959495,329.162264566846,0.00393700787401575,213.415691088813,478
1,0.69236648128876,10.0049408858587,0.277531930239215,424.351807959455,0.00393700787401575,172.449548184462,479
0,0.995032048579532,10.1141431295154,0.21613255464961,376.111641871966,0.00523549056866957,197.548104073679,480
0,1.13218759734901,10.4723300715137,0.233604439789522,427.826197644757,0.00544233554392022,249.157507660517,481
0,1.01019063020325,10.5867612877093,0.214223913511719,420.344939340097,0.00675292123896027,188.434077277628,482
1,1.0021864360226,10.5376208105978,0.215986438745631,432.6445953573,0.00393700787401575,219.430831899047,483
0,0.803643834153267,10.3864403010085,0.217575431634805,406.331587660652,0.00842187331439658,201.503296731119,484
0,0.77762911783542,9.64759881146217,0.212244494735057,355.051032983059,0.00563889826223035,182.05964936104,485
0,0.627468382262769,10.8623546284744,0.191860337101721,400.998785942425,0.013736528576819,192.779908126361,486
0,1.74987401395472,9.93096815203696,0.155083144716068,426.232754024333,0.0012828334614254,230.965896857356,487
1,1.26769440827377,10.0549298771525,0.180926077972116,411.248714003306,0.00393700787401575,202.499926926363,488
1,1.03510836512595,9.43805662554417,0.210566189260544,342.718584232829,0.00393700787401575,166.086591438036,489
1,0.837077277458195,9.78437970854048,0.244301941865625,489.420057613034,0.00393700787401575,207.307437949546,490
0,1.66951212332986,9.88096185933053,0.159481736831506,391.876614746801,0.00140627173472001,216.231190971148,491
0,0.475763989621405,8.24011608802216,0.161684225691315,291.90340675643,0.00370006982109195,142.271112329183,492
1,0.408189515148817,9.97892644741925,0.266246237252175,461.07301957377,0.00393700787401575,172.889882875991,493
0,2.18353377814329,10.1670720328763,0.19280575497411,468.597047493276,0.000802947956938869,269.428763732125,494
1,1.14544857152423,9.74651858647954,0.209688060782217,416.847062313232,0.00393700787401575,215.230478628509,495
1,0.816742571725626,10.1882831563537,0.213277786177564,433.916166456468,0.00393700787401575,211.964680406368,496
0,1.85846198208573,10.027600002217,0.166229955496304,397.071977327902,0.00114375953551932,230.092260385029,497
0,2.4273602313828,9.94549423942312,0.211422003081931,401.826877941147,0.000481507356807817,257.01378390204,498
1,1.08187463914515,9.58578444698297,0.217244258242649,358.427628152351,0.00393700787401575,203.903568513461,499
0,1.55240015596444,9.81365563877221,0.261958231262776,356.815219923594,0.00196900624525112,234.917155279369,500
